number,long,lat
0,7.516452023115021,44.968240954698025
1,7.522805776376311,44.968240954698025
2,7.5291595296376,44.968240954698025
3,7.53551328289889,44.968240954698025
4,7.54186703616018,44.968240954698025
5,7.548220789421469,44.968240954698025
6,7.554574542682759,44.968240954698025
7,7.5609282959440485,44.968240954698025
8,7.567282049205338,44.968240954698025
9,7.573635802466628,44.968240954698025
10,7.579989555727917,44.968240954698025
11,7.586343308989207,44.968240954698025
12,7.592697062250497,44.968240954698025
13,7.599050815511786,44.968240954698025
14,7.605404568773076,44.968240954698025
15,7.611758322034365,44.968240954698025
16,7.618112075295655,44.968240954698025
17,7.624465828556945,44.968240954698025
18,7.630819581818234,44.968240954698025
19,7.637173335079524,44.968240954698025
20,7.6435270883408135,44.968240954698025
21,7.649880841602103,44.968240954698025
22,7.656234594863393,44.968240954698025
23,7.662588348124682,44.968240954698025
24,7.668942101385972,44.968240954698025
25,7.675295854647262,44.968240954698025
26,7.681649607908551,44.968240954698025
27,7.688003361169841,44.968240954698025
28,7.6943571144311305,44.968240954698025
29,7.70071086769242,44.968240954698025
30,7.70706462095371,44.968240954698025
31,7.713418374214999,44.968240954698025
32,7.719772127476289,44.968240954698025
33,7.7261258807375786,44.968240954698025
34,7.732479633998868,44.968240954698025
35,7.738833387260158,44.968240954698025
36,7.745187140521447,44.968240954698025
37,7.751540893782737,44.968240954698025
38,7.757894647044027,44.968240954698025
39,7.764248400305316,44.968240954698025
40,7.516452023115021,44.97273615158435
41,7.522805776376311,44.97273615158435
42,7.5291595296376,44.97273615158435
43,7.53551328289889,44.97273615158435
44,7.54186703616018,44.97273615158435
45,7.548220789421469,44.97273615158435
46,7.554574542682759,44.97273615158435
47,7.5609282959440485,44.97273615158435
48,7.567282049205338,44.97273615158435
49,7.573635802466628,44.97273615158435
50,7.579989555727917,44.97273615158435
51,7.586343308989207,44.97273615158435
52,7.592697062250497,44.97273615158435
53,7.599050815511786,44.97273615158435
54,7.605404568773076,44.97273615158435
55,7.611758322034365,44.97273615158435
56,7.618112075295655,44.97273615158435
57,7.624465828556945,44.97273615158435
58,7.630819581818234,44.97273615158435
59,7.637173335079524,44.97273615158435
60,7.6435270883408135,44.97273615158435
61,7.649880841602103,44.97273615158435
62,7.656234594863393,44.97273615158435
63,7.662588348124682,44.97273615158435
64,7.668942101385972,44.97273615158435
65,7.675295854647262,44.97273615158435
66,7.681649607908551,44.97273615158435
67,7.688003361169841,44.97273615158435
68,7.6943571144311305,44.97273615158435
69,7.70071086769242,44.97273615158435
70,7.70706462095371,44.97273615158435
71,7.713418374214999,44.97273615158435
72,7.719772127476289,44.97273615158435
73,7.7261258807375786,44.97273615158435
74,7.732479633998868,44.97273615158435
75,7.738833387260158,44.97273615158435
76,7.745187140521447,44.97273615158435
77,7.751540893782737,44.97273615158435
78,7.757894647044027,44.97273615158435
79,7.764248400305316,44.97273615158435
80,7.516452023115021,44.977231348470674
81,7.522805776376311,44.977231348470674
82,7.5291595296376,44.977231348470674
83,7.53551328289889,44.977231348470674
84,7.54186703616018,44.977231348470674
85,7.548220789421469,44.977231348470674
86,7.554574542682759,44.977231348470674
87,7.5609282959440485,44.977231348470674
88,7.567282049205338,44.977231348470674
89,7.573635802466628,44.977231348470674
90,7.579989555727917,44.977231348470674
91,7.586343308989207,44.977231348470674
92,7.592697062250497,44.977231348470674
93,7.599050815511786,44.977231348470674
94,7.605404568773076,44.977231348470674
95,7.611758322034365,44.977231348470674
96,7.618112075295655,44.977231348470674
97,7.624465828556945,44.977231348470674
98,7.630819581818234,44.977231348470674
99,7.637173335079524,44.977231348470674
100,7.6435270883408135,44.977231348470674
101,7.649880841602103,44.977231348470674
102,7.656234594863393,44.977231348470674
103,7.662588348124682,44.977231348470674
104,7.668942101385972,44.977231348470674
105,7.675295854647262,44.977231348470674
106,7.681649607908551,44.977231348470674
107,7.688003361169841,44.977231348470674
108,7.6943571144311305,44.977231348470674
109,7.70071086769242,44.977231348470674
110,7.70706462095371,44.977231348470674
111,7.713418374214999,44.977231348470674
112,7.719772127476289,44.977231348470674
113,7.7261258807375786,44.977231348470674
114,7.732479633998868,44.977231348470674
115,7.738833387260158,44.977231348470674
116,7.745187140521447,44.977231348470674
117,7.751540893782737,44.977231348470674
118,7.757894647044027,44.977231348470674
119,7.764248400305316,44.977231348470674
120,7.516452023115021,44.981726545357
121,7.522805776376311,44.981726545357
122,7.5291595296376,44.981726545357
123,7.53551328289889,44.981726545357
124,7.54186703616018,44.981726545357
125,7.548220789421469,44.981726545357
126,7.554574542682759,44.981726545357
127,7.5609282959440485,44.981726545357
128,7.567282049205338,44.981726545357
129,7.573635802466628,44.981726545357
130,7.579989555727917,44.981726545357
131,7.586343308989207,44.981726545357
132,7.592697062250497,44.981726545357
133,7.599050815511786,44.981726545357
134,7.605404568773076,44.981726545357
135,7.611758322034365,44.981726545357
136,7.618112075295655,44.981726545357
137,7.624465828556945,44.981726545357
138,7.630819581818234,44.981726545357
139,7.637173335079524,44.981726545357
140,7.6435270883408135,44.981726545357
141,7.649880841602103,44.981726545357
142,7.656234594863393,44.981726545357
143,7.662588348124682,44.981726545357
144,7.668942101385972,44.981726545357
145,7.675295854647262,44.981726545357
146,7.681649607908551,44.981726545357
147,7.688003361169841,44.981726545357
148,7.6943571144311305,44.981726545357
149,7.70071086769242,44.981726545357
150,7.70706462095371,44.981726545357
151,7.713418374214999,44.981726545357
152,7.719772127476289,44.981726545357
153,7.7261258807375786,44.981726545357
154,7.732479633998868,44.981726545357
155,7.738833387260158,44.981726545357
156,7.745187140521447,44.981726545357
157,7.751540893782737,44.981726545357
158,7.757894647044027,44.981726545357
159,7.764248400305316,44.981726545357
160,7.516452023115021,44.98622174224332
161,7.522805776376311,44.98622174224332
162,7.5291595296376,44.98622174224332
163,7.53551328289889,44.98622174224332
164,7.54186703616018,44.98622174224332
165,7.548220789421469,44.98622174224332
166,7.554574542682759,44.98622174224332
167,7.5609282959440485,44.98622174224332
168,7.567282049205338,44.98622174224332
169,7.573635802466628,44.98622174224332
170,7.579989555727917,44.98622174224332
171,7.586343308989207,44.98622174224332
172,7.592697062250497,44.98622174224332
173,7.599050815511786,44.98622174224332
174,7.605404568773076,44.98622174224332
175,7.611758322034365,44.98622174224332
176,7.618112075295655,44.98622174224332
177,7.624465828556945,44.98622174224332
178,7.630819581818234,44.98622174224332
179,7.637173335079524,44.98622174224332
180,7.6435270883408135,44.98622174224332
181,7.649880841602103,44.98622174224332
182,7.656234594863393,44.98622174224332
183,7.662588348124682,44.98622174224332
184,7.668942101385972,44.98622174224332
185,7.675295854647262,44.98622174224332
186,7.681649607908551,44.98622174224332
187,7.688003361169841,44.98622174224332
188,7.6943571144311305,44.98622174224332
189,7.70071086769242,44.98622174224332
190,7.70706462095371,44.98622174224332
191,7.713418374214999,44.98622174224332
192,7.719772127476289,44.98622174224332
193,7.7261258807375786,44.98622174224332
194,7.732479633998868,44.98622174224332
195,7.738833387260158,44.98622174224332
196,7.745187140521447,44.98622174224332
197,7.751540893782737,44.98622174224332
198,7.757894647044027,44.98622174224332
199,7.764248400305316,44.98622174224332
200,7.516452023115021,44.99071693912965
201,7.522805776376311,44.99071693912965
202,7.5291595296376,44.99071693912965
203,7.53551328289889,44.99071693912965
204,7.54186703616018,44.99071693912965
205,7.548220789421469,44.99071693912965
206,7.554574542682759,44.99071693912965
207,7.5609282959440485,44.99071693912965
208,7.567282049205338,44.99071693912965
209,7.573635802466628,44.99071693912965
210,7.579989555727917,44.99071693912965
211,7.586343308989207,44.99071693912965
212,7.592697062250497,44.99071693912965
213,7.599050815511786,44.99071693912965
214,7.605404568773076,44.99071693912965
215,7.611758322034365,44.99071693912965
216,7.618112075295655,44.99071693912965
217,7.624465828556945,44.99071693912965
218,7.630819581818234,44.99071693912965
219,7.637173335079524,44.99071693912965
220,7.6435270883408135,44.99071693912965
221,7.649880841602103,44.99071693912965
222,7.656234594863393,44.99071693912965
223,7.662588348124682,44.99071693912965
224,7.668942101385972,44.99071693912965
225,7.675295854647262,44.99071693912965
226,7.681649607908551,44.99071693912965
227,7.688003361169841,44.99071693912965
228,7.6943571144311305,44.99071693912965
229,7.70071086769242,44.99071693912965
230,7.70706462095371,44.99071693912965
231,7.713418374214999,44.99071693912965
232,7.719772127476289,44.99071693912965
233,7.7261258807375786,44.99071693912965
234,7.732479633998868,44.99071693912965
235,7.738833387260158,44.99071693912965
236,7.745187140521447,44.99071693912965
237,7.751540893782737,44.99071693912965
238,7.757894647044027,44.99071693912965
239,7.764248400305316,44.99071693912965
240,7.516452023115021,44.99521213601597
241,7.522805776376311,44.99521213601597
242,7.5291595296376,44.99521213601597
243,7.53551328289889,44.99521213601597
244,7.54186703616018,44.99521213601597
245,7.548220789421469,44.99521213601597
246,7.554574542682759,44.99521213601597
247,7.5609282959440485,44.99521213601597
248,7.567282049205338,44.99521213601597
249,7.573635802466628,44.99521213601597
250,7.579989555727917,44.99521213601597
251,7.586343308989207,44.99521213601597
252,7.592697062250497,44.99521213601597
253,7.599050815511786,44.99521213601597
254,7.605404568773076,44.99521213601597
255,7.611758322034365,44.99521213601597
256,7.618112075295655,44.99521213601597
257,7.624465828556945,44.99521213601597
258,7.630819581818234,44.99521213601597
259,7.637173335079524,44.99521213601597
260,7.6435270883408135,44.99521213601597
261,7.649880841602103,44.99521213601597
262,7.656234594863393,44.99521213601597
263,7.662588348124682,44.99521213601597
264,7.668942101385972,44.99521213601597
265,7.675295854647262,44.99521213601597
266,7.681649607908551,44.99521213601597
267,7.688003361169841,44.99521213601597
268,7.6943571144311305,44.99521213601597
269,7.70071086769242,44.99521213601597
270,7.70706462095371,44.99521213601597
271,7.713418374214999,44.99521213601597
272,7.719772127476289,44.99521213601597
273,7.7261258807375786,44.99521213601597
274,7.732479633998868,44.99521213601597
275,7.738833387260158,44.99521213601597
276,7.745187140521447,44.99521213601597
277,7.751540893782737,44.99521213601597
278,7.757894647044027,44.99521213601597
279,7.764248400305316,44.99521213601597
280,7.516452023115021,44.9997073329023
281,7.522805776376311,44.9997073329023
282,7.5291595296376,44.9997073329023
283,7.53551328289889,44.9997073329023
284,7.54186703616018,44.9997073329023
285,7.548220789421469,44.9997073329023
286,7.554574542682759,44.9997073329023
287,7.5609282959440485,44.9997073329023
288,7.567282049205338,44.9997073329023
289,7.573635802466628,44.9997073329023
290,7.579989555727917,44.9997073329023
291,7.586343308989207,44.9997073329023
292,7.592697062250497,44.9997073329023
293,7.599050815511786,44.9997073329023
294,7.605404568773076,44.9997073329023
295,7.611758322034365,44.9997073329023
296,7.618112075295655,44.9997073329023
297,7.624465828556945,44.9997073329023
298,7.630819581818234,44.9997073329023
299,7.637173335079524,44.9997073329023
300,7.6435270883408135,44.9997073329023
301,7.649880841602103,44.9997073329023
302,7.656234594863393,44.9997073329023
303,7.662588348124682,44.9997073329023
304,7.668942101385972,44.9997073329023
305,7.675295854647262,44.9997073329023
306,7.681649607908551,44.9997073329023
307,7.688003361169841,44.9997073329023
308,7.6943571144311305,44.9997073329023
309,7.70071086769242,44.9997073329023
310,7.70706462095371,44.9997073329023
311,7.713418374214999,44.9997073329023
312,7.719772127476289,44.9997073329023
313,7.7261258807375786,44.9997073329023
314,7.732479633998868,44.9997073329023
315,7.738833387260158,44.9997073329023
316,7.745187140521447,44.9997073329023
317,7.751540893782737,44.9997073329023
318,7.757894647044027,44.9997073329023
319,7.764248400305316,44.9997073329023
320,7.516452023115021,45.00420252978862
321,7.522805776376311,45.00420252978862
322,7.5291595296376,45.00420252978862
323,7.53551328289889,45.00420252978862
324,7.54186703616018,45.00420252978862
325,7.548220789421469,45.00420252978862
326,7.554574542682759,45.00420252978862
327,7.5609282959440485,45.00420252978862
328,7.567282049205338,45.00420252978862
329,7.573635802466628,45.00420252978862
330,7.579989555727917,45.00420252978862
331,7.586343308989207,45.00420252978862
332,7.592697062250497,45.00420252978862
333,7.599050815511786,45.00420252978862
334,7.605404568773076,45.00420252978862
335,7.611758322034365,45.00420252978862
336,7.618112075295655,45.00420252978862
337,7.624465828556945,45.00420252978862
338,7.630819581818234,45.00420252978862
339,7.637173335079524,45.00420252978862
340,7.6435270883408135,45.00420252978862
341,7.649880841602103,45.00420252978862
342,7.656234594863393,45.00420252978862
343,7.662588348124682,45.00420252978862
344,7.668942101385972,45.00420252978862
345,7.675295854647262,45.00420252978862
346,7.681649607908551,45.00420252978862
347,7.688003361169841,45.00420252978862
348,7.6943571144311305,45.00420252978862
349,7.70071086769242,45.00420252978862
350,7.70706462095371,45.00420252978862
351,7.713418374214999,45.00420252978862
352,7.719772127476289,45.00420252978862
353,7.7261258807375786,45.00420252978862
354,7.732479633998868,45.00420252978862
355,7.738833387260158,45.00420252978862
356,7.745187140521447,45.00420252978862
357,7.751540893782737,45.00420252978862
358,7.757894647044027,45.00420252978862
359,7.764248400305316,45.00420252978862
360,7.516452023115021,45.008697726674946
361,7.522805776376311,45.008697726674946
362,7.5291595296376,45.008697726674946
363,7.53551328289889,45.008697726674946
364,7.54186703616018,45.008697726674946
365,7.548220789421469,45.008697726674946
366,7.554574542682759,45.008697726674946
367,7.5609282959440485,45.008697726674946
368,7.567282049205338,45.008697726674946
369,7.573635802466628,45.008697726674946
370,7.579989555727917,45.008697726674946
371,7.586343308989207,45.008697726674946
372,7.592697062250497,45.008697726674946
373,7.599050815511786,45.008697726674946
374,7.605404568773076,45.008697726674946
375,7.611758322034365,45.008697726674946
376,7.618112075295655,45.008697726674946
377,7.624465828556945,45.008697726674946
378,7.630819581818234,45.008697726674946
379,7.637173335079524,45.008697726674946
380,7.6435270883408135,45.008697726674946
381,7.649880841602103,45.008697726674946
382,7.656234594863393,45.008697726674946
383,7.662588348124682,45.008697726674946
384,7.668942101385972,45.008697726674946
385,7.675295854647262,45.008697726674946
386,7.681649607908551,45.008697726674946
387,7.688003361169841,45.008697726674946
388,7.6943571144311305,45.008697726674946
389,7.70071086769242,45.008697726674946
390,7.70706462095371,45.008697726674946
391,7.713418374214999,45.008697726674946
392,7.719772127476289,45.008697726674946
393,7.7261258807375786,45.008697726674946
394,7.732479633998868,45.008697726674946
395,7.738833387260158,45.008697726674946
396,7.745187140521447,45.008697726674946
397,7.751540893782737,45.008697726674946
398,7.757894647044027,45.008697726674946
399,7.764248400305316,45.008697726674946
400,7.516452023115021,45.01319292356127
401,7.522805776376311,45.01319292356127
402,7.5291595296376,45.01319292356127
403,7.53551328289889,45.01319292356127
404,7.54186703616018,45.01319292356127
405,7.548220789421469,45.01319292356127
406,7.554574542682759,45.01319292356127
407,7.5609282959440485,45.01319292356127
408,7.567282049205338,45.01319292356127
409,7.573635802466628,45.01319292356127
410,7.579989555727917,45.01319292356127
411,7.586343308989207,45.01319292356127
412,7.592697062250497,45.01319292356127
413,7.599050815511786,45.01319292356127
414,7.605404568773076,45.01319292356127
415,7.611758322034365,45.01319292356127
416,7.618112075295655,45.01319292356127
417,7.624465828556945,45.01319292356127
418,7.630819581818234,45.01319292356127
419,7.637173335079524,45.01319292356127
420,7.6435270883408135,45.01319292356127
421,7.649880841602103,45.01319292356127
422,7.656234594863393,45.01319292356127
423,7.662588348124682,45.01319292356127
424,7.668942101385972,45.01319292356127
425,7.675295854647262,45.01319292356127
426,7.681649607908551,45.01319292356127
427,7.688003361169841,45.01319292356127
428,7.6943571144311305,45.01319292356127
429,7.70071086769242,45.01319292356127
430,7.70706462095371,45.01319292356127
431,7.713418374214999,45.01319292356127
432,7.719772127476289,45.01319292356127
433,7.7261258807375786,45.01319292356127
434,7.732479633998868,45.01319292356127
435,7.738833387260158,45.01319292356127
436,7.745187140521447,45.01319292356127
437,7.751540893782737,45.01319292356127
438,7.757894647044027,45.01319292356127
439,7.764248400305316,45.01319292356127
440,7.516452023115021,45.017688120447595
441,7.522805776376311,45.017688120447595
442,7.5291595296376,45.017688120447595
443,7.53551328289889,45.017688120447595
444,7.54186703616018,45.017688120447595
445,7.548220789421469,45.017688120447595
446,7.554574542682759,45.017688120447595
447,7.5609282959440485,45.017688120447595
448,7.567282049205338,45.017688120447595
449,7.573635802466628,45.017688120447595
450,7.579989555727917,45.017688120447595
451,7.586343308989207,45.017688120447595
452,7.592697062250497,45.017688120447595
453,7.599050815511786,45.017688120447595
454,7.605404568773076,45.017688120447595
455,7.611758322034365,45.017688120447595
456,7.618112075295655,45.017688120447595
457,7.624465828556945,45.017688120447595
458,7.630819581818234,45.017688120447595
459,7.637173335079524,45.017688120447595
460,7.6435270883408135,45.017688120447595
461,7.649880841602103,45.017688120447595
462,7.656234594863393,45.017688120447595
463,7.662588348124682,45.017688120447595
464,7.668942101385972,45.017688120447595
465,7.675295854647262,45.017688120447595
466,7.681649607908551,45.017688120447595
467,7.688003361169841,45.017688120447595
468,7.6943571144311305,45.017688120447595
469,7.70071086769242,45.017688120447595
470,7.70706462095371,45.017688120447595
471,7.713418374214999,45.017688120447595
472,7.719772127476289,45.017688120447595
473,7.7261258807375786,45.017688120447595
474,7.732479633998868,45.017688120447595
475,7.738833387260158,45.017688120447595
476,7.745187140521447,45.017688120447595
477,7.751540893782737,45.017688120447595
478,7.757894647044027,45.017688120447595
479,7.764248400305316,45.017688120447595
480,7.516452023115021,45.02218331733392
481,7.522805776376311,45.02218331733392
482,7.5291595296376,45.02218331733392
483,7.53551328289889,45.02218331733392
484,7.54186703616018,45.02218331733392
485,7.548220789421469,45.02218331733392
486,7.554574542682759,45.02218331733392
487,7.5609282959440485,45.02218331733392
488,7.567282049205338,45.02218331733392
489,7.573635802466628,45.02218331733392
490,7.579989555727917,45.02218331733392
491,7.586343308989207,45.02218331733392
492,7.592697062250497,45.02218331733392
493,7.599050815511786,45.02218331733392
494,7.605404568773076,45.02218331733392
495,7.611758322034365,45.02218331733392
496,7.618112075295655,45.02218331733392
497,7.624465828556945,45.02218331733392
498,7.630819581818234,45.02218331733392
499,7.637173335079524,45.02218331733392
500,7.6435270883408135,45.02218331733392
501,7.649880841602103,45.02218331733392
502,7.656234594863393,45.02218331733392
503,7.662588348124682,45.02218331733392
504,7.668942101385972,45.02218331733392
505,7.675295854647262,45.02218331733392
506,7.681649607908551,45.02218331733392
507,7.688003361169841,45.02218331733392
508,7.6943571144311305,45.02218331733392
509,7.70071086769242,45.02218331733392
510,7.70706462095371,45.02218331733392
511,7.713418374214999,45.02218331733392
512,7.719772127476289,45.02218331733392
513,7.7261258807375786,45.02218331733392
514,7.732479633998868,45.02218331733392
515,7.738833387260158,45.02218331733392
516,7.745187140521447,45.02218331733392
517,7.751540893782737,45.02218331733392
518,7.757894647044027,45.02218331733392
519,7.764248400305316,45.02218331733392
520,7.516452023115021,45.026678514220244
521,7.522805776376311,45.026678514220244
522,7.5291595296376,45.026678514220244
523,7.53551328289889,45.026678514220244
524,7.54186703616018,45.026678514220244
525,7.548220789421469,45.026678514220244
526,7.554574542682759,45.026678514220244
527,7.5609282959440485,45.026678514220244
528,7.567282049205338,45.026678514220244
529,7.573635802466628,45.026678514220244
530,7.579989555727917,45.026678514220244
531,7.586343308989207,45.026678514220244
532,7.592697062250497,45.026678514220244
533,7.599050815511786,45.026678514220244
534,7.605404568773076,45.026678514220244
535,7.611758322034365,45.026678514220244
536,7.618112075295655,45.026678514220244
537,7.624465828556945,45.026678514220244
538,7.630819581818234,45.026678514220244
539,7.637173335079524,45.026678514220244
540,7.6435270883408135,45.026678514220244
541,7.649880841602103,45.026678514220244
542,7.656234594863393,45.026678514220244
543,7.662588348124682,45.026678514220244
544,7.668942101385972,45.026678514220244
545,7.675295854647262,45.026678514220244
546,7.681649607908551,45.026678514220244
547,7.688003361169841,45.026678514220244
548,7.6943571144311305,45.026678514220244
549,7.70071086769242,45.026678514220244
550,7.70706462095371,45.026678514220244
551,7.713418374214999,45.026678514220244
552,7.719772127476289,45.026678514220244
553,7.7261258807375786,45.026678514220244
554,7.732479633998868,45.026678514220244
555,7.738833387260158,45.026678514220244
556,7.745187140521447,45.026678514220244
557,7.751540893782737,45.026678514220244
558,7.757894647044027,45.026678514220244
559,7.764248400305316,45.026678514220244
560,7.516452023115021,45.03117371110657
561,7.522805776376311,45.03117371110657
562,7.5291595296376,45.03117371110657
563,7.53551328289889,45.03117371110657
564,7.54186703616018,45.03117371110657
565,7.548220789421469,45.03117371110657
566,7.554574542682759,45.03117371110657
567,7.5609282959440485,45.03117371110657
568,7.567282049205338,45.03117371110657
569,7.573635802466628,45.03117371110657
570,7.579989555727917,45.03117371110657
571,7.586343308989207,45.03117371110657
572,7.592697062250497,45.03117371110657
573,7.599050815511786,45.03117371110657
574,7.605404568773076,45.03117371110657
575,7.611758322034365,45.03117371110657
576,7.618112075295655,45.03117371110657
577,7.624465828556945,45.03117371110657
578,7.630819581818234,45.03117371110657
579,7.637173335079524,45.03117371110657
580,7.6435270883408135,45.03117371110657
581,7.649880841602103,45.03117371110657
582,7.656234594863393,45.03117371110657
583,7.662588348124682,45.03117371110657
584,7.668942101385972,45.03117371110657
585,7.675295854647262,45.03117371110657
586,7.681649607908551,45.03117371110657
587,7.688003361169841,45.03117371110657
588,7.6943571144311305,45.03117371110657
589,7.70071086769242,45.03117371110657
590,7.70706462095371,45.03117371110657
591,7.713418374214999,45.03117371110657
592,7.719772127476289,45.03117371110657
593,7.7261258807375786,45.03117371110657
594,7.732479633998868,45.03117371110657
595,7.738833387260158,45.03117371110657
596,7.745187140521447,45.03117371110657
597,7.751540893782737,45.03117371110657
598,7.757894647044027,45.03117371110657
599,7.764248400305316,45.03117371110657
600,7.516452023115021,45.03566890799289
601,7.522805776376311,45.03566890799289
602,7.5291595296376,45.03566890799289
603,7.53551328289889,45.03566890799289
604,7.54186703616018,45.03566890799289
605,7.548220789421469,45.03566890799289
606,7.554574542682759,45.03566890799289
607,7.5609282959440485,45.03566890799289
608,7.567282049205338,45.03566890799289
609,7.573635802466628,45.03566890799289
610,7.579989555727917,45.03566890799289
611,7.586343308989207,45.03566890799289
612,7.592697062250497,45.03566890799289
613,7.599050815511786,45.03566890799289
614,7.605404568773076,45.03566890799289
615,7.611758322034365,45.03566890799289
616,7.618112075295655,45.03566890799289
617,7.624465828556945,45.03566890799289
618,7.630819581818234,45.03566890799289
619,7.637173335079524,45.03566890799289
620,7.6435270883408135,45.03566890799289
621,7.649880841602103,45.03566890799289
622,7.656234594863393,45.03566890799289
623,7.662588348124682,45.03566890799289
624,7.668942101385972,45.03566890799289
625,7.675295854647262,45.03566890799289
626,7.681649607908551,45.03566890799289
627,7.688003361169841,45.03566890799289
628,7.6943571144311305,45.03566890799289
629,7.70071086769242,45.03566890799289
630,7.70706462095371,45.03566890799289
631,7.713418374214999,45.03566890799289
632,7.719772127476289,45.03566890799289
633,7.7261258807375786,45.03566890799289
634,7.732479633998868,45.03566890799289
635,7.738833387260158,45.03566890799289
636,7.745187140521447,45.03566890799289
637,7.751540893782737,45.03566890799289
638,7.757894647044027,45.03566890799289
639,7.764248400305316,45.03566890799289
640,7.516452023115021,45.04016410487922
641,7.522805776376311,45.04016410487922
642,7.5291595296376,45.04016410487922
643,7.53551328289889,45.04016410487922
644,7.54186703616018,45.04016410487922
645,7.548220789421469,45.04016410487922
646,7.554574542682759,45.04016410487922
647,7.5609282959440485,45.04016410487922
648,7.567282049205338,45.04016410487922
649,7.573635802466628,45.04016410487922
650,7.579989555727917,45.04016410487922
651,7.586343308989207,45.04016410487922
652,7.592697062250497,45.04016410487922
653,7.599050815511786,45.04016410487922
654,7.605404568773076,45.04016410487922
655,7.611758322034365,45.04016410487922
656,7.618112075295655,45.04016410487922
657,7.624465828556945,45.04016410487922
658,7.630819581818234,45.04016410487922
659,7.637173335079524,45.04016410487922
660,7.6435270883408135,45.04016410487922
661,7.649880841602103,45.04016410487922
662,7.656234594863393,45.04016410487922
663,7.662588348124682,45.04016410487922
664,7.668942101385972,45.04016410487922
665,7.675295854647262,45.04016410487922
666,7.681649607908551,45.04016410487922
667,7.688003361169841,45.04016410487922
668,7.6943571144311305,45.04016410487922
669,7.70071086769242,45.04016410487922
670,7.70706462095371,45.04016410487922
671,7.713418374214999,45.04016410487922
672,7.719772127476289,45.04016410487922
673,7.7261258807375786,45.04016410487922
674,7.732479633998868,45.04016410487922
675,7.738833387260158,45.04016410487922
676,7.745187140521447,45.04016410487922
677,7.751540893782737,45.04016410487922
678,7.757894647044027,45.04016410487922
679,7.764248400305316,45.04016410487922
680,7.516452023115021,45.04465930176554
681,7.522805776376311,45.04465930176554
682,7.5291595296376,45.04465930176554
683,7.53551328289889,45.04465930176554
684,7.54186703616018,45.04465930176554
685,7.548220789421469,45.04465930176554
686,7.554574542682759,45.04465930176554
687,7.5609282959440485,45.04465930176554
688,7.567282049205338,45.04465930176554
689,7.573635802466628,45.04465930176554
690,7.579989555727917,45.04465930176554
691,7.586343308989207,45.04465930176554
692,7.592697062250497,45.04465930176554
693,7.599050815511786,45.04465930176554
694,7.605404568773076,45.04465930176554
695,7.611758322034365,45.04465930176554
696,7.618112075295655,45.04465930176554
697,7.624465828556945,45.04465930176554
698,7.630819581818234,45.04465930176554
699,7.637173335079524,45.04465930176554
700,7.6435270883408135,45.04465930176554
701,7.649880841602103,45.04465930176554
702,7.656234594863393,45.04465930176554
703,7.662588348124682,45.04465930176554
704,7.668942101385972,45.04465930176554
705,7.675295854647262,45.04465930176554
706,7.681649607908551,45.04465930176554
707,7.688003361169841,45.04465930176554
708,7.6943571144311305,45.04465930176554
709,7.70071086769242,45.04465930176554
710,7.70706462095371,45.04465930176554
711,7.713418374214999,45.04465930176554
712,7.719772127476289,45.04465930176554
713,7.7261258807375786,45.04465930176554
714,7.732479633998868,45.04465930176554
715,7.738833387260158,45.04465930176554
716,7.745187140521447,45.04465930176554
717,7.751540893782737,45.04465930176554
718,7.757894647044027,45.04465930176554
719,7.764248400305316,45.04465930176554
720,7.516452023115021,45.049154498651866
721,7.522805776376311,45.049154498651866
722,7.5291595296376,45.049154498651866
723,7.53551328289889,45.049154498651866
724,7.54186703616018,45.049154498651866
725,7.548220789421469,45.049154498651866
726,7.554574542682759,45.049154498651866
727,7.5609282959440485,45.049154498651866
728,7.567282049205338,45.049154498651866
729,7.573635802466628,45.049154498651866
730,7.579989555727917,45.049154498651866
731,7.586343308989207,45.049154498651866
732,7.592697062250497,45.049154498651866
733,7.599050815511786,45.049154498651866
734,7.605404568773076,45.049154498651866
735,7.611758322034365,45.049154498651866
736,7.618112075295655,45.049154498651866
737,7.624465828556945,45.049154498651866
738,7.630819581818234,45.049154498651866
739,7.637173335079524,45.049154498651866
740,7.6435270883408135,45.049154498651866
741,7.649880841602103,45.049154498651866
742,7.656234594863393,45.049154498651866
743,7.662588348124682,45.049154498651866
744,7.668942101385972,45.049154498651866
745,7.675295854647262,45.049154498651866
746,7.681649607908551,45.049154498651866
747,7.688003361169841,45.049154498651866
748,7.6943571144311305,45.049154498651866
749,7.70071086769242,45.049154498651866
750,7.70706462095371,45.049154498651866
751,7.713418374214999,45.049154498651866
752,7.719772127476289,45.049154498651866
753,7.7261258807375786,45.049154498651866
754,7.732479633998868,45.049154498651866
755,7.738833387260158,45.049154498651866
756,7.745187140521447,45.049154498651866
757,7.751540893782737,45.049154498651866
758,7.757894647044027,45.049154498651866
759,7.764248400305316,45.049154498651866
760,7.516452023115021,45.05364969553819
761,7.522805776376311,45.05364969553819
762,7.5291595296376,45.05364969553819
763,7.53551328289889,45.05364969553819
764,7.54186703616018,45.05364969553819
765,7.548220789421469,45.05364969553819
766,7.554574542682759,45.05364969553819
767,7.5609282959440485,45.05364969553819
768,7.567282049205338,45.05364969553819
769,7.573635802466628,45.05364969553819
770,7.579989555727917,45.05364969553819
771,7.586343308989207,45.05364969553819
772,7.592697062250497,45.05364969553819
773,7.599050815511786,45.05364969553819
774,7.605404568773076,45.05364969553819
775,7.611758322034365,45.05364969553819
776,7.618112075295655,45.05364969553819
777,7.624465828556945,45.05364969553819
778,7.630819581818234,45.05364969553819
779,7.637173335079524,45.05364969553819
780,7.6435270883408135,45.05364969553819
781,7.649880841602103,45.05364969553819
782,7.656234594863393,45.05364969553819
783,7.662588348124682,45.05364969553819
784,7.668942101385972,45.05364969553819
785,7.675295854647262,45.05364969553819
786,7.681649607908551,45.05364969553819
787,7.688003361169841,45.05364969553819
788,7.6943571144311305,45.05364969553819
789,7.70071086769242,45.05364969553819
790,7.70706462095371,45.05364969553819
791,7.713418374214999,45.05364969553819
792,7.719772127476289,45.05364969553819
793,7.7261258807375786,45.05364969553819
794,7.732479633998868,45.05364969553819
795,7.738833387260158,45.05364969553819
796,7.745187140521447,45.05364969553819
797,7.751540893782737,45.05364969553819
798,7.757894647044027,45.05364969553819
799,7.764248400305316,45.05364969553819
800,7.516452023115021,45.058144892424515
801,7.522805776376311,45.058144892424515
802,7.5291595296376,45.058144892424515
803,7.53551328289889,45.058144892424515
804,7.54186703616018,45.058144892424515
805,7.548220789421469,45.058144892424515
806,7.554574542682759,45.058144892424515
807,7.5609282959440485,45.058144892424515
808,7.567282049205338,45.058144892424515
809,7.573635802466628,45.058144892424515
810,7.579989555727917,45.058144892424515
811,7.586343308989207,45.058144892424515
812,7.592697062250497,45.058144892424515
813,7.599050815511786,45.058144892424515
814,7.605404568773076,45.058144892424515
815,7.611758322034365,45.058144892424515
816,7.618112075295655,45.058144892424515
817,7.624465828556945,45.058144892424515
818,7.630819581818234,45.058144892424515
819,7.637173335079524,45.058144892424515
820,7.6435270883408135,45.058144892424515
821,7.649880841602103,45.058144892424515
822,7.656234594863393,45.058144892424515
823,7.662588348124682,45.058144892424515
824,7.668942101385972,45.058144892424515
825,7.675295854647262,45.058144892424515
826,7.681649607908551,45.058144892424515
827,7.688003361169841,45.058144892424515
828,7.6943571144311305,45.058144892424515
829,7.70071086769242,45.058144892424515
830,7.70706462095371,45.058144892424515
831,7.713418374214999,45.058144892424515
832,7.719772127476289,45.058144892424515
833,7.7261258807375786,45.058144892424515
834,7.732479633998868,45.058144892424515
835,7.738833387260158,45.058144892424515
836,7.745187140521447,45.058144892424515
837,7.751540893782737,45.058144892424515
838,7.757894647044027,45.058144892424515
839,7.764248400305316,45.058144892424515
840,7.516452023115021,45.06264008931084
841,7.522805776376311,45.06264008931084
842,7.5291595296376,45.06264008931084
843,7.53551328289889,45.06264008931084
844,7.54186703616018,45.06264008931084
845,7.548220789421469,45.06264008931084
846,7.554574542682759,45.06264008931084
847,7.5609282959440485,45.06264008931084
848,7.567282049205338,45.06264008931084
849,7.573635802466628,45.06264008931084
850,7.579989555727917,45.06264008931084
851,7.586343308989207,45.06264008931084
852,7.592697062250497,45.06264008931084
853,7.599050815511786,45.06264008931084
854,7.605404568773076,45.06264008931084
855,7.611758322034365,45.06264008931084
856,7.618112075295655,45.06264008931084
857,7.624465828556945,45.06264008931084
858,7.630819581818234,45.06264008931084
859,7.637173335079524,45.06264008931084
860,7.6435270883408135,45.06264008931084
861,7.649880841602103,45.06264008931084
862,7.656234594863393,45.06264008931084
863,7.662588348124682,45.06264008931084
864,7.668942101385972,45.06264008931084
865,7.675295854647262,45.06264008931084
866,7.681649607908551,45.06264008931084
867,7.688003361169841,45.06264008931084
868,7.6943571144311305,45.06264008931084
869,7.70071086769242,45.06264008931084
870,7.70706462095371,45.06264008931084
871,7.713418374214999,45.06264008931084
872,7.719772127476289,45.06264008931084
873,7.7261258807375786,45.06264008931084
874,7.732479633998868,45.06264008931084
875,7.738833387260158,45.06264008931084
876,7.745187140521447,45.06264008931084
877,7.751540893782737,45.06264008931084
878,7.757894647044027,45.06264008931084
879,7.764248400305316,45.06264008931084
880,7.516452023115021,45.067135286197164
881,7.522805776376311,45.067135286197164
882,7.5291595296376,45.067135286197164
883,7.53551328289889,45.067135286197164
884,7.54186703616018,45.067135286197164
885,7.548220789421469,45.067135286197164
886,7.554574542682759,45.067135286197164
887,7.5609282959440485,45.067135286197164
888,7.567282049205338,45.067135286197164
889,7.573635802466628,45.067135286197164
890,7.579989555727917,45.067135286197164
891,7.586343308989207,45.067135286197164
892,7.592697062250497,45.067135286197164
893,7.599050815511786,45.067135286197164
894,7.605404568773076,45.067135286197164
895,7.611758322034365,45.067135286197164
896,7.618112075295655,45.067135286197164
897,7.624465828556945,45.067135286197164
898,7.630819581818234,45.067135286197164
899,7.637173335079524,45.067135286197164
900,7.6435270883408135,45.067135286197164
901,7.649880841602103,45.067135286197164
902,7.656234594863393,45.067135286197164
903,7.662588348124682,45.067135286197164
904,7.668942101385972,45.067135286197164
905,7.675295854647262,45.067135286197164
906,7.681649607908551,45.067135286197164
907,7.688003361169841,45.067135286197164
908,7.6943571144311305,45.067135286197164
909,7.70071086769242,45.067135286197164
910,7.70706462095371,45.067135286197164
911,7.713418374214999,45.067135286197164
912,7.719772127476289,45.067135286197164
913,7.7261258807375786,45.067135286197164
914,7.732479633998868,45.067135286197164
915,7.738833387260158,45.067135286197164
916,7.745187140521447,45.067135286197164
917,7.751540893782737,45.067135286197164
918,7.757894647044027,45.067135286197164
919,7.764248400305316,45.067135286197164
920,7.516452023115021,45.07163048308349
921,7.522805776376311,45.07163048308349
922,7.5291595296376,45.07163048308349
923,7.53551328289889,45.07163048308349
924,7.54186703616018,45.07163048308349
925,7.548220789421469,45.07163048308349
926,7.554574542682759,45.07163048308349
927,7.5609282959440485,45.07163048308349
928,7.567282049205338,45.07163048308349
929,7.573635802466628,45.07163048308349
930,7.579989555727917,45.07163048308349
931,7.586343308989207,45.07163048308349
932,7.592697062250497,45.07163048308349
933,7.599050815511786,45.07163048308349
934,7.605404568773076,45.07163048308349
935,7.611758322034365,45.07163048308349
936,7.618112075295655,45.07163048308349
937,7.624465828556945,45.07163048308349
938,7.630819581818234,45.07163048308349
939,7.637173335079524,45.07163048308349
940,7.6435270883408135,45.07163048308349
941,7.649880841602103,45.07163048308349
942,7.656234594863393,45.07163048308349
943,7.662588348124682,45.07163048308349
944,7.668942101385972,45.07163048308349
945,7.675295854647262,45.07163048308349
946,7.681649607908551,45.07163048308349
947,7.688003361169841,45.07163048308349
948,7.6943571144311305,45.07163048308349
949,7.70071086769242,45.07163048308349
950,7.70706462095371,45.07163048308349
951,7.713418374214999,45.07163048308349
952,7.719772127476289,45.07163048308349
953,7.7261258807375786,45.07163048308349
954,7.732479633998868,45.07163048308349
955,7.738833387260158,45.07163048308349
956,7.745187140521447,45.07163048308349
957,7.751540893782737,45.07163048308349
958,7.757894647044027,45.07163048308349
959,7.764248400305316,45.07163048308349
960,7.516452023115021,45.07612567996981
961,7.522805776376311,45.07612567996981
962,7.5291595296376,45.07612567996981
963,7.53551328289889,45.07612567996981
964,7.54186703616018,45.07612567996981
965,7.548220789421469,45.07612567996981
966,7.554574542682759,45.07612567996981
967,7.5609282959440485,45.07612567996981
968,7.567282049205338,45.07612567996981
969,7.573635802466628,45.07612567996981
970,7.579989555727917,45.07612567996981
971,7.586343308989207,45.07612567996981
972,7.592697062250497,45.07612567996981
973,7.599050815511786,45.07612567996981
974,7.605404568773076,45.07612567996981
975,7.611758322034365,45.07612567996981
976,7.618112075295655,45.07612567996981
977,7.624465828556945,45.07612567996981
978,7.630819581818234,45.07612567996981
979,7.637173335079524,45.07612567996981
980,7.6435270883408135,45.07612567996981
981,7.649880841602103,45.07612567996981
982,7.656234594863393,45.07612567996981
983,7.662588348124682,45.07612567996981
984,7.668942101385972,45.07612567996981
985,7.675295854647262,45.07612567996981
986,7.681649607908551,45.07612567996981
987,7.688003361169841,45.07612567996981
988,7.6943571144311305,45.07612567996981
989,7.70071086769242,45.07612567996981
990,7.70706462095371,45.07612567996981
991,7.713418374214999,45.07612567996981
992,7.719772127476289,45.07612567996981
993,7.7261258807375786,45.07612567996981
994,7.732479633998868,45.07612567996981
995,7.738833387260158,45.07612567996981
996,7.745187140521447,45.07612567996981
997,7.751540893782737,45.07612567996981
998,7.757894647044027,45.07612567996981
999,7.764248400305316,45.07612567996981
1000,7.516452023115021,45.08062087685614
1001,7.522805776376311,45.08062087685614
1002,7.5291595296376,45.08062087685614
1003,7.53551328289889,45.08062087685614
1004,7.54186703616018,45.08062087685614
1005,7.548220789421469,45.08062087685614
1006,7.554574542682759,45.08062087685614
1007,7.5609282959440485,45.08062087685614
1008,7.567282049205338,45.08062087685614
1009,7.573635802466628,45.08062087685614
1010,7.579989555727917,45.08062087685614
1011,7.586343308989207,45.08062087685614
1012,7.592697062250497,45.08062087685614
1013,7.599050815511786,45.08062087685614
1014,7.605404568773076,45.08062087685614
1015,7.611758322034365,45.08062087685614
1016,7.618112075295655,45.08062087685614
1017,7.624465828556945,45.08062087685614
1018,7.630819581818234,45.08062087685614
1019,7.637173335079524,45.08062087685614
1020,7.6435270883408135,45.08062087685614
1021,7.649880841602103,45.08062087685614
1022,7.656234594863393,45.08062087685614
1023,7.662588348124682,45.08062087685614
1024,7.668942101385972,45.08062087685614
1025,7.675295854647262,45.08062087685614
1026,7.681649607908551,45.08062087685614
1027,7.688003361169841,45.08062087685614
1028,7.6943571144311305,45.08062087685614
1029,7.70071086769242,45.08062087685614
1030,7.70706462095371,45.08062087685614
1031,7.713418374214999,45.08062087685614
1032,7.719772127476289,45.08062087685614
1033,7.7261258807375786,45.08062087685614
1034,7.732479633998868,45.08062087685614
1035,7.738833387260158,45.08062087685614
1036,7.745187140521447,45.08062087685614
1037,7.751540893782737,45.08062087685614
1038,7.757894647044027,45.08062087685614
1039,7.764248400305316,45.08062087685614
1040,7.516452023115021,45.08511607374246
1041,7.522805776376311,45.08511607374246
1042,7.5291595296376,45.08511607374246
1043,7.53551328289889,45.08511607374246
1044,7.54186703616018,45.08511607374246
1045,7.548220789421469,45.08511607374246
1046,7.554574542682759,45.08511607374246
1047,7.5609282959440485,45.08511607374246
1048,7.567282049205338,45.08511607374246
1049,7.573635802466628,45.08511607374246
1050,7.579989555727917,45.08511607374246
1051,7.586343308989207,45.08511607374246
1052,7.592697062250497,45.08511607374246
1053,7.599050815511786,45.08511607374246
1054,7.605404568773076,45.08511607374246
1055,7.611758322034365,45.08511607374246
1056,7.618112075295655,45.08511607374246
1057,7.624465828556945,45.08511607374246
1058,7.630819581818234,45.08511607374246
1059,7.637173335079524,45.08511607374246
1060,7.6435270883408135,45.08511607374246
1061,7.649880841602103,45.08511607374246
1062,7.656234594863393,45.08511607374246
1063,7.662588348124682,45.08511607374246
1064,7.668942101385972,45.08511607374246
1065,7.675295854647262,45.08511607374246
1066,7.681649607908551,45.08511607374246
1067,7.688003361169841,45.08511607374246
1068,7.6943571144311305,45.08511607374246
1069,7.70071086769242,45.08511607374246
1070,7.70706462095371,45.08511607374246
1071,7.713418374214999,45.08511607374246
1072,7.719772127476289,45.08511607374246
1073,7.7261258807375786,45.08511607374246
1074,7.732479633998868,45.08511607374246
1075,7.738833387260158,45.08511607374246
1076,7.745187140521447,45.08511607374246
1077,7.751540893782737,45.08511607374246
1078,7.757894647044027,45.08511607374246
1079,7.764248400305316,45.08511607374246
1080,7.516452023115021,45.08961127062879
1081,7.522805776376311,45.08961127062879
1082,7.5291595296376,45.08961127062879
1083,7.53551328289889,45.08961127062879
1084,7.54186703616018,45.08961127062879
1085,7.548220789421469,45.08961127062879
1086,7.554574542682759,45.08961127062879
1087,7.5609282959440485,45.08961127062879
1088,7.567282049205338,45.08961127062879
1089,7.573635802466628,45.08961127062879
1090,7.579989555727917,45.08961127062879
1091,7.586343308989207,45.08961127062879
1092,7.592697062250497,45.08961127062879
1093,7.599050815511786,45.08961127062879
1094,7.605404568773076,45.08961127062879
1095,7.611758322034365,45.08961127062879
1096,7.618112075295655,45.08961127062879
1097,7.624465828556945,45.08961127062879
1098,7.630819581818234,45.08961127062879
1099,7.637173335079524,45.08961127062879
1100,7.6435270883408135,45.08961127062879
1101,7.649880841602103,45.08961127062879
1102,7.656234594863393,45.08961127062879
1103,7.662588348124682,45.08961127062879
1104,7.668942101385972,45.08961127062879
1105,7.675295854647262,45.08961127062879
1106,7.681649607908551,45.08961127062879
1107,7.688003361169841,45.08961127062879
1108,7.6943571144311305,45.08961127062879
1109,7.70071086769242,45.08961127062879
1110,7.70706462095371,45.08961127062879
1111,7.713418374214999,45.08961127062879
1112,7.719772127476289,45.08961127062879
1113,7.7261258807375786,45.08961127062879
1114,7.732479633998868,45.08961127062879
1115,7.738833387260158,45.08961127062879
1116,7.745187140521447,45.08961127062879
1117,7.751540893782737,45.08961127062879
1118,7.757894647044027,45.08961127062879
1119,7.764248400305316,45.08961127062879
1120,7.516452023115021,45.09410646751511
1121,7.522805776376311,45.09410646751511
1122,7.5291595296376,45.09410646751511
1123,7.53551328289889,45.09410646751511
1124,7.54186703616018,45.09410646751511
1125,7.548220789421469,45.09410646751511
1126,7.554574542682759,45.09410646751511
1127,7.5609282959440485,45.09410646751511
1128,7.567282049205338,45.09410646751511
1129,7.573635802466628,45.09410646751511
1130,7.579989555727917,45.09410646751511
1131,7.586343308989207,45.09410646751511
1132,7.592697062250497,45.09410646751511
1133,7.599050815511786,45.09410646751511
1134,7.605404568773076,45.09410646751511
1135,7.611758322034365,45.09410646751511
1136,7.618112075295655,45.09410646751511
1137,7.624465828556945,45.09410646751511
1138,7.630819581818234,45.09410646751511
1139,7.637173335079524,45.09410646751511
1140,7.6435270883408135,45.09410646751511
1141,7.649880841602103,45.09410646751511
1142,7.656234594863393,45.09410646751511
1143,7.662588348124682,45.09410646751511
1144,7.668942101385972,45.09410646751511
1145,7.675295854647262,45.09410646751511
1146,7.681649607908551,45.09410646751511
1147,7.688003361169841,45.09410646751511
1148,7.6943571144311305,45.09410646751511
1149,7.70071086769242,45.09410646751511
1150,7.70706462095371,45.09410646751511
1151,7.713418374214999,45.09410646751511
1152,7.719772127476289,45.09410646751511
1153,7.7261258807375786,45.09410646751511
1154,7.732479633998868,45.09410646751511
1155,7.738833387260158,45.09410646751511
1156,7.745187140521447,45.09410646751511
1157,7.751540893782737,45.09410646751511
1158,7.757894647044027,45.09410646751511
1159,7.764248400305316,45.09410646751511
1160,7.516452023115021,45.098601664401436
1161,7.522805776376311,45.098601664401436
1162,7.5291595296376,45.098601664401436
1163,7.53551328289889,45.098601664401436
1164,7.54186703616018,45.098601664401436
1165,7.548220789421469,45.098601664401436
1166,7.554574542682759,45.098601664401436
1167,7.5609282959440485,45.098601664401436
1168,7.567282049205338,45.098601664401436
1169,7.573635802466628,45.098601664401436
1170,7.579989555727917,45.098601664401436
1171,7.586343308989207,45.098601664401436
1172,7.592697062250497,45.098601664401436
1173,7.599050815511786,45.098601664401436
1174,7.605404568773076,45.098601664401436
1175,7.611758322034365,45.098601664401436
1176,7.618112075295655,45.098601664401436
1177,7.624465828556945,45.098601664401436
1178,7.630819581818234,45.098601664401436
1179,7.637173335079524,45.098601664401436
1180,7.6435270883408135,45.098601664401436
1181,7.649880841602103,45.098601664401436
1182,7.656234594863393,45.098601664401436
1183,7.662588348124682,45.098601664401436
1184,7.668942101385972,45.098601664401436
1185,7.675295854647262,45.098601664401436
1186,7.681649607908551,45.098601664401436
1187,7.688003361169841,45.098601664401436
1188,7.6943571144311305,45.098601664401436
1189,7.70071086769242,45.098601664401436
1190,7.70706462095371,45.098601664401436
1191,7.713418374214999,45.098601664401436
1192,7.719772127476289,45.098601664401436
1193,7.7261258807375786,45.098601664401436
1194,7.732479633998868,45.098601664401436
1195,7.738833387260158,45.098601664401436
1196,7.745187140521447,45.098601664401436
1197,7.751540893782737,45.098601664401436
1198,7.757894647044027,45.098601664401436
1199,7.764248400305316,45.098601664401436
1200,7.516452023115021,45.10309686128776
1201,7.522805776376311,45.10309686128776
1202,7.5291595296376,45.10309686128776
1203,7.53551328289889,45.10309686128776
1204,7.54186703616018,45.10309686128776
1205,7.548220789421469,45.10309686128776
1206,7.554574542682759,45.10309686128776
1207,7.5609282959440485,45.10309686128776
1208,7.567282049205338,45.10309686128776
1209,7.573635802466628,45.10309686128776
1210,7.579989555727917,45.10309686128776
1211,7.586343308989207,45.10309686128776
1212,7.592697062250497,45.10309686128776
1213,7.599050815511786,45.10309686128776
1214,7.605404568773076,45.10309686128776
1215,7.611758322034365,45.10309686128776
1216,7.618112075295655,45.10309686128776
1217,7.624465828556945,45.10309686128776
1218,7.630819581818234,45.10309686128776
1219,7.637173335079524,45.10309686128776
1220,7.6435270883408135,45.10309686128776
1221,7.649880841602103,45.10309686128776
1222,7.656234594863393,45.10309686128776
1223,7.662588348124682,45.10309686128776
1224,7.668942101385972,45.10309686128776
1225,7.675295854647262,45.10309686128776
1226,7.681649607908551,45.10309686128776
1227,7.688003361169841,45.10309686128776
1228,7.6943571144311305,45.10309686128776
1229,7.70071086769242,45.10309686128776
1230,7.70706462095371,45.10309686128776
1231,7.713418374214999,45.10309686128776
1232,7.719772127476289,45.10309686128776
1233,7.7261258807375786,45.10309686128776
1234,7.732479633998868,45.10309686128776
1235,7.738833387260158,45.10309686128776
1236,7.745187140521447,45.10309686128776
1237,7.751540893782737,45.10309686128776
1238,7.757894647044027,45.10309686128776
1239,7.764248400305316,45.10309686128776
1240,7.516452023115021,45.107592058174085
1241,7.522805776376311,45.107592058174085
1242,7.5291595296376,45.107592058174085
1243,7.53551328289889,45.107592058174085
1244,7.54186703616018,45.107592058174085
1245,7.548220789421469,45.107592058174085
1246,7.554574542682759,45.107592058174085
1247,7.5609282959440485,45.107592058174085
1248,7.567282049205338,45.107592058174085
1249,7.573635802466628,45.107592058174085
1250,7.579989555727917,45.107592058174085
1251,7.586343308989207,45.107592058174085
1252,7.592697062250497,45.107592058174085
1253,7.599050815511786,45.107592058174085
1254,7.605404568773076,45.107592058174085
1255,7.611758322034365,45.107592058174085
1256,7.618112075295655,45.107592058174085
1257,7.624465828556945,45.107592058174085
1258,7.630819581818234,45.107592058174085
1259,7.637173335079524,45.107592058174085
1260,7.6435270883408135,45.107592058174085
1261,7.649880841602103,45.107592058174085
1262,7.656234594863393,45.107592058174085
1263,7.662588348124682,45.107592058174085
1264,7.668942101385972,45.107592058174085
1265,7.675295854647262,45.107592058174085
1266,7.681649607908551,45.107592058174085
1267,7.688003361169841,45.107592058174085
1268,7.6943571144311305,45.107592058174085
1269,7.70071086769242,45.107592058174085
1270,7.70706462095371,45.107592058174085
1271,7.713418374214999,45.107592058174085
1272,7.719772127476289,45.107592058174085
1273,7.7261258807375786,45.107592058174085
1274,7.732479633998868,45.107592058174085
1275,7.738833387260158,45.107592058174085
1276,7.745187140521447,45.107592058174085
1277,7.751540893782737,45.107592058174085
1278,7.757894647044027,45.107592058174085
1279,7.764248400305316,45.107592058174085
1280,7.516452023115021,45.11208725506041
1281,7.522805776376311,45.11208725506041
1282,7.5291595296376,45.11208725506041
1283,7.53551328289889,45.11208725506041
1284,7.54186703616018,45.11208725506041
1285,7.548220789421469,45.11208725506041
1286,7.554574542682759,45.11208725506041
1287,7.5609282959440485,45.11208725506041
1288,7.567282049205338,45.11208725506041
1289,7.573635802466628,45.11208725506041
1290,7.579989555727917,45.11208725506041
1291,7.586343308989207,45.11208725506041
1292,7.592697062250497,45.11208725506041
1293,7.599050815511786,45.11208725506041
1294,7.605404568773076,45.11208725506041
1295,7.611758322034365,45.11208725506041
1296,7.618112075295655,45.11208725506041
1297,7.624465828556945,45.11208725506041
1298,7.630819581818234,45.11208725506041
1299,7.637173335079524,45.11208725506041
1300,7.6435270883408135,45.11208725506041
1301,7.649880841602103,45.11208725506041
1302,7.656234594863393,45.11208725506041
1303,7.662588348124682,45.11208725506041
1304,7.668942101385972,45.11208725506041
1305,7.675295854647262,45.11208725506041
1306,7.681649607908551,45.11208725506041
1307,7.688003361169841,45.11208725506041
1308,7.6943571144311305,45.11208725506041
1309,7.70071086769242,45.11208725506041
1310,7.70706462095371,45.11208725506041
1311,7.713418374214999,45.11208725506041
1312,7.719772127476289,45.11208725506041
1313,7.7261258807375786,45.11208725506041
1314,7.732479633998868,45.11208725506041
1315,7.738833387260158,45.11208725506041
1316,7.745187140521447,45.11208725506041
1317,7.751540893782737,45.11208725506041
1318,7.757894647044027,45.11208725506041
1319,7.764248400305316,45.11208725506041
1320,7.516452023115021,45.116582451946734
1321,7.522805776376311,45.116582451946734
1322,7.5291595296376,45.116582451946734
1323,7.53551328289889,45.116582451946734
1324,7.54186703616018,45.116582451946734
1325,7.548220789421469,45.116582451946734
1326,7.554574542682759,45.116582451946734
1327,7.5609282959440485,45.116582451946734
1328,7.567282049205338,45.116582451946734
1329,7.573635802466628,45.116582451946734
1330,7.579989555727917,45.116582451946734
1331,7.586343308989207,45.116582451946734
1332,7.592697062250497,45.116582451946734
1333,7.599050815511786,45.116582451946734
1334,7.605404568773076,45.116582451946734
1335,7.611758322034365,45.116582451946734
1336,7.618112075295655,45.116582451946734
1337,7.624465828556945,45.116582451946734
1338,7.630819581818234,45.116582451946734
1339,7.637173335079524,45.116582451946734
1340,7.6435270883408135,45.116582451946734
1341,7.649880841602103,45.116582451946734
1342,7.656234594863393,45.116582451946734
1343,7.662588348124682,45.116582451946734
1344,7.668942101385972,45.116582451946734
1345,7.675295854647262,45.116582451946734
1346,7.681649607908551,45.116582451946734
1347,7.688003361169841,45.116582451946734
1348,7.6943571144311305,45.116582451946734
1349,7.70071086769242,45.116582451946734
1350,7.70706462095371,45.116582451946734
1351,7.713418374214999,45.116582451946734
1352,7.719772127476289,45.116582451946734
1353,7.7261258807375786,45.116582451946734
1354,7.732479633998868,45.116582451946734
1355,7.738833387260158,45.116582451946734
1356,7.745187140521447,45.116582451946734
1357,7.751540893782737,45.116582451946734
1358,7.757894647044027,45.116582451946734
1359,7.764248400305316,45.116582451946734
1360,7.516452023115021,45.12107764883306
1361,7.522805776376311,45.12107764883306
1362,7.5291595296376,45.12107764883306
1363,7.53551328289889,45.12107764883306
1364,7.54186703616018,45.12107764883306
1365,7.548220789421469,45.12107764883306
1366,7.554574542682759,45.12107764883306
1367,7.5609282959440485,45.12107764883306
1368,7.567282049205338,45.12107764883306
1369,7.573635802466628,45.12107764883306
1370,7.579989555727917,45.12107764883306
1371,7.586343308989207,45.12107764883306
1372,7.592697062250497,45.12107764883306
1373,7.599050815511786,45.12107764883306
1374,7.605404568773076,45.12107764883306
1375,7.611758322034365,45.12107764883306
1376,7.618112075295655,45.12107764883306
1377,7.624465828556945,45.12107764883306
1378,7.630819581818234,45.12107764883306
1379,7.637173335079524,45.12107764883306
1380,7.6435270883408135,45.12107764883306
1381,7.649880841602103,45.12107764883306
1382,7.656234594863393,45.12107764883306
1383,7.662588348124682,45.12107764883306
1384,7.668942101385972,45.12107764883306
1385,7.675295854647262,45.12107764883306
1386,7.681649607908551,45.12107764883306
1387,7.688003361169841,45.12107764883306
1388,7.6943571144311305,45.12107764883306
1389,7.70071086769242,45.12107764883306
1390,7.70706462095371,45.12107764883306
1391,7.713418374214999,45.12107764883306
1392,7.719772127476289,45.12107764883306
1393,7.7261258807375786,45.12107764883306
1394,7.732479633998868,45.12107764883306
1395,7.738833387260158,45.12107764883306
1396,7.745187140521447,45.12107764883306
1397,7.751540893782737,45.12107764883306
1398,7.757894647044027,45.12107764883306
1399,7.764248400305316,45.12107764883306
1400,7.516452023115021,45.12557284571938
1401,7.522805776376311,45.12557284571938
1402,7.5291595296376,45.12557284571938
1403,7.53551328289889,45.12557284571938
1404,7.54186703616018,45.12557284571938
1405,7.548220789421469,45.12557284571938
1406,7.554574542682759,45.12557284571938
1407,7.5609282959440485,45.12557284571938
1408,7.567282049205338,45.12557284571938
1409,7.573635802466628,45.12557284571938
1410,7.579989555727917,45.12557284571938
1411,7.586343308989207,45.12557284571938
1412,7.592697062250497,45.12557284571938
1413,7.599050815511786,45.12557284571938
1414,7.605404568773076,45.12557284571938
1415,7.611758322034365,45.12557284571938
1416,7.618112075295655,45.12557284571938
1417,7.624465828556945,45.12557284571938
1418,7.630819581818234,45.12557284571938
1419,7.637173335079524,45.12557284571938
1420,7.6435270883408135,45.12557284571938
1421,7.649880841602103,45.12557284571938
1422,7.656234594863393,45.12557284571938
1423,7.662588348124682,45.12557284571938
1424,7.668942101385972,45.12557284571938
1425,7.675295854647262,45.12557284571938
1426,7.681649607908551,45.12557284571938
1427,7.688003361169841,45.12557284571938
1428,7.6943571144311305,45.12557284571938
1429,7.70071086769242,45.12557284571938
1430,7.70706462095371,45.12557284571938
1431,7.713418374214999,45.12557284571938
1432,7.719772127476289,45.12557284571938
1433,7.7261258807375786,45.12557284571938
1434,7.732479633998868,45.12557284571938
1435,7.738833387260158,45.12557284571938
1436,7.745187140521447,45.12557284571938
1437,7.751540893782737,45.12557284571938
1438,7.757894647044027,45.12557284571938
1439,7.764248400305316,45.12557284571938
1440,7.516452023115021,45.13006804260571
1441,7.522805776376311,45.13006804260571
1442,7.5291595296376,45.13006804260571
1443,7.53551328289889,45.13006804260571
1444,7.54186703616018,45.13006804260571
1445,7.548220789421469,45.13006804260571
1446,7.554574542682759,45.13006804260571
1447,7.5609282959440485,45.13006804260571
1448,7.567282049205338,45.13006804260571
1449,7.573635802466628,45.13006804260571
1450,7.579989555727917,45.13006804260571
1451,7.586343308989207,45.13006804260571
1452,7.592697062250497,45.13006804260571
1453,7.599050815511786,45.13006804260571
1454,7.605404568773076,45.13006804260571
1455,7.611758322034365,45.13006804260571
1456,7.618112075295655,45.13006804260571
1457,7.624465828556945,45.13006804260571
1458,7.630819581818234,45.13006804260571
1459,7.637173335079524,45.13006804260571
1460,7.6435270883408135,45.13006804260571
1461,7.649880841602103,45.13006804260571
1462,7.656234594863393,45.13006804260571
1463,7.662588348124682,45.13006804260571
1464,7.668942101385972,45.13006804260571
1465,7.675295854647262,45.13006804260571
1466,7.681649607908551,45.13006804260571
1467,7.688003361169841,45.13006804260571
1468,7.6943571144311305,45.13006804260571
1469,7.70071086769242,45.13006804260571
1470,7.70706462095371,45.13006804260571
1471,7.713418374214999,45.13006804260571
1472,7.719772127476289,45.13006804260571
1473,7.7261258807375786,45.13006804260571
1474,7.732479633998868,45.13006804260571
1475,7.738833387260158,45.13006804260571
1476,7.745187140521447,45.13006804260571
1477,7.751540893782737,45.13006804260571
1478,7.757894647044027,45.13006804260571
1479,7.764248400305316,45.13006804260571
1480,7.516452023115021,45.13456323949203
1481,7.522805776376311,45.13456323949203
1482,7.5291595296376,45.13456323949203
1483,7.53551328289889,45.13456323949203
1484,7.54186703616018,45.13456323949203
1485,7.548220789421469,45.13456323949203
1486,7.554574542682759,45.13456323949203
1487,7.5609282959440485,45.13456323949203
1488,7.567282049205338,45.13456323949203
1489,7.573635802466628,45.13456323949203
1490,7.579989555727917,45.13456323949203
1491,7.586343308989207,45.13456323949203
1492,7.592697062250497,45.13456323949203
1493,7.599050815511786,45.13456323949203
1494,7.605404568773076,45.13456323949203
1495,7.611758322034365,45.13456323949203
1496,7.618112075295655,45.13456323949203
1497,7.624465828556945,45.13456323949203
1498,7.630819581818234,45.13456323949203
1499,7.637173335079524,45.13456323949203
1500,7.6435270883408135,45.13456323949203
1501,7.649880841602103,45.13456323949203
1502,7.656234594863393,45.13456323949203
1503,7.662588348124682,45.13456323949203
1504,7.668942101385972,45.13456323949203
1505,7.675295854647262,45.13456323949203
1506,7.681649607908551,45.13456323949203
1507,7.688003361169841,45.13456323949203
1508,7.6943571144311305,45.13456323949203
1509,7.70071086769242,45.13456323949203
1510,7.70706462095371,45.13456323949203
1511,7.713418374214999,45.13456323949203
1512,7.719772127476289,45.13456323949203
1513,7.7261258807375786,45.13456323949203
1514,7.732479633998868,45.13456323949203
1515,7.738833387260158,45.13456323949203
1516,7.745187140521447,45.13456323949203
1517,7.751540893782737,45.13456323949203
1518,7.757894647044027,45.13456323949203
1519,7.764248400305316,45.13456323949203
1520,7.516452023115021,45.139058436378356
1521,7.522805776376311,45.139058436378356
1522,7.5291595296376,45.139058436378356
1523,7.53551328289889,45.139058436378356
1524,7.54186703616018,45.139058436378356
1525,7.548220789421469,45.139058436378356
1526,7.554574542682759,45.139058436378356
1527,7.5609282959440485,45.139058436378356
1528,7.567282049205338,45.139058436378356
1529,7.573635802466628,45.139058436378356
1530,7.579989555727917,45.139058436378356
1531,7.586343308989207,45.139058436378356
1532,7.592697062250497,45.139058436378356
1533,7.599050815511786,45.139058436378356
1534,7.605404568773076,45.139058436378356
1535,7.611758322034365,45.139058436378356
1536,7.618112075295655,45.139058436378356
1537,7.624465828556945,45.139058436378356
1538,7.630819581818234,45.139058436378356
1539,7.637173335079524,45.139058436378356
1540,7.6435270883408135,45.139058436378356
1541,7.649880841602103,45.139058436378356
1542,7.656234594863393,45.139058436378356
1543,7.662588348124682,45.139058436378356
1544,7.668942101385972,45.139058436378356
1545,7.675295854647262,45.139058436378356
1546,7.681649607908551,45.139058436378356
1547,7.688003361169841,45.139058436378356
1548,7.6943571144311305,45.139058436378356
1549,7.70071086769242,45.139058436378356
1550,7.70706462095371,45.139058436378356
1551,7.713418374214999,45.139058436378356
1552,7.719772127476289,45.139058436378356
1553,7.7261258807375786,45.139058436378356
1554,7.732479633998868,45.139058436378356
1555,7.738833387260158,45.139058436378356
1556,7.745187140521447,45.139058436378356
1557,7.751540893782737,45.139058436378356
1558,7.757894647044027,45.139058436378356
1559,7.764248400305316,45.139058436378356
1560,7.516452023115021,45.14355363326468
1561,7.522805776376311,45.14355363326468
1562,7.5291595296376,45.14355363326468
1563,7.53551328289889,45.14355363326468
1564,7.54186703616018,45.14355363326468
1565,7.548220789421469,45.14355363326468
1566,7.554574542682759,45.14355363326468
1567,7.5609282959440485,45.14355363326468
1568,7.567282049205338,45.14355363326468
1569,7.573635802466628,45.14355363326468
1570,7.579989555727917,45.14355363326468
1571,7.586343308989207,45.14355363326468
1572,7.592697062250497,45.14355363326468
1573,7.599050815511786,45.14355363326468
1574,7.605404568773076,45.14355363326468
1575,7.611758322034365,45.14355363326468
1576,7.618112075295655,45.14355363326468
1577,7.624465828556945,45.14355363326468
1578,7.630819581818234,45.14355363326468
1579,7.637173335079524,45.14355363326468
1580,7.6435270883408135,45.14355363326468
1581,7.649880841602103,45.14355363326468
1582,7.656234594863393,45.14355363326468
1583,7.662588348124682,45.14355363326468
1584,7.668942101385972,45.14355363326468
1585,7.675295854647262,45.14355363326468
1586,7.681649607908551,45.14355363326468
1587,7.688003361169841,45.14355363326468
1588,7.6943571144311305,45.14355363326468
1589,7.70071086769242,45.14355363326468
1590,7.70706462095371,45.14355363326468
1591,7.713418374214999,45.14355363326468
1592,7.719772127476289,45.14355363326468
1593,7.7261258807375786,45.14355363326468
1594,7.732479633998868,45.14355363326468
1595,7.738833387260158,45.14355363326468
1596,7.745187140521447,45.14355363326468
1597,7.751540893782737,45.14355363326468
1598,7.757894647044027,45.14355363326468
1599,7.764248400305316,45.14355363326468
