TOTAL,AREA,HOUR,LONG,LAT,,,,,,,
2,377,10,7.624465829,45.00869773,,,,,,,
1,377,11,7.624465829,45.00869773,,,,,,,
1,377,12,7.624465829,45.00869773,,,,,,,
1,377,18,7.624465829,45.00869773,,,,,,,
1,379,10,7.637173335,45.00869773,,,,,,,
1,379,11,7.637173335,45.00869773,,,,,,,
1,379,12,7.637173335,45.00869773,,,,,,,
1,381,18,7.649880842,45.00869773,,,,,,,
1,382,6,7.656234595,45.00869773,,,,,,,
1,382,20,7.656234595,45.00869773,,,,,,,
2,382,21,7.656234595,45.00869773,,,,,,,
1,415,8,7.611758322,45.01319292,,,,,,,
1,415,10,7.611758322,45.01319292,,,,,,,
1,415,11,7.611758322,45.01319292,,,,,,,
1,415,12,7.611758322,45.01319292,,,,,,,
1,415,17,7.611758322,45.01319292,,,,,,,
1,415,18,7.611758322,45.01319292,,,,,,,
1,416,1,7.618112075,45.01319292,,,,,,,
1,416,7,7.618112075,45.01319292,,,,,,,
1,416,10,7.618112075,45.01319292,,,,,,,
1,416,11,7.618112075,45.01319292,,,,,,,
1,416,12,7.618112075,45.01319292,,,,,,,
1,416,17,7.618112075,45.01319292,,,,,,,
1,417,2,7.624465829,45.01319292,,,,,,,
1,417,16,7.624465829,45.01319292,,,,,,,
1,417,17,7.624465829,45.01319292,,,,,,,
1,418,9,7.630819582,45.01319292,,,,,,,
1,418,20,7.630819582,45.01319292,,,,,,,
2,419,0,7.637173335,45.01319292,,,,,,,
5,419,10,7.637173335,45.01319292,,,,,,,
5,419,11,7.637173335,45.01319292,,,,,,,
5,419,12,7.637173335,45.01319292,,,,,,,
1,419,21,7.637173335,45.01319292,,,,,,,
3,421,0,7.649880842,45.01319292,,,,,,,
2,421,10,7.649880842,45.01319292,,,,,,,
2,421,11,7.649880842,45.01319292,,,,,,,
2,421,12,7.649880842,45.01319292,,,,,,,
1,421,15,7.649880842,45.01319292,,,,,,,
1,421,18,7.649880842,45.01319292,,,,,,,
1,421,20,7.649880842,45.01319292,,,,,,,
1,421,21,7.649880842,45.01319292,,,,,,,
1,422,4,7.656234595,45.01319292,,,,,,,
1,422,5,7.656234595,45.01319292,,,,,,,
1,422,8,7.656234595,45.01319292,,,,,,,
2,422,10,7.656234595,45.01319292,,,,,,,
2,422,11,7.656234595,45.01319292,,,,,,,
2,422,12,7.656234595,45.01319292,,,,,,,
1,422,14,7.656234595,45.01319292,,,,,,,
1,422,16,7.656234595,45.01319292,,,,,,,
1,422,18,7.656234595,45.01319292,,,,,,,
1,423,1,7.662588348,45.01319292,,,,,,,
1,423,3,7.662588348,45.01319292,,,,,,,
1,423,9,7.662588348,45.01319292,,,,,,,
3,423,10,7.662588348,45.01319292,,,,,,,
4,423,11,7.662588348,45.01319292,,,,,,,
2,423,12,7.662588348,45.01319292,,,,,,,
2,423,18,7.662588348,45.01319292,,,,,,,
1,455,5,7.611758322,45.01768812,,,,,,,
1,455,7,7.611758322,45.01768812,,,,,,,
1,455,8,7.611758322,45.01768812,,,,,,,
1,455,10,7.611758322,45.01768812,,,,,,,
1,455,11,7.611758322,45.01768812,,,,,,,
1,455,12,7.611758322,45.01768812,,,,,,,
1,455,14,7.611758322,45.01768812,,,,,,,
1,455,18,7.611758322,45.01768812,,,,,,,
1,456,4,7.618112075,45.01768812,,,,,,,
1,456,9,7.618112075,45.01768812,,,,,,,
2,456,10,7.618112075,45.01768812,,,,,,,
2,456,11,7.618112075,45.01768812,,,,,,,
2,456,12,7.618112075,45.01768812,,,,,,,
1,457,17,7.624465829,45.01768812,,,,,,,
1,458,18,7.630819582,45.01768812,,,,,,,
1,458,20,7.630819582,45.01768812,,,,,,,
1,458,21,7.630819582,45.01768812,,,,,,,
2,459,3,7.637173335,45.01768812,,,,,,,
4,459,10,7.637173335,45.01768812,,,,,,,
1,459,11,7.637173335,45.01768812,,,,,,,
1,459,12,7.637173335,45.01768812,,,,,,,
1,459,15,7.637173335,45.01768812,,,,,,,
2,460,9,7.643527088,45.01768812,,,,,,,
1,460,10,7.643527088,45.01768812,,,,,,,
1,460,11,7.643527088,45.01768812,,,,,,,
1,460,12,7.643527088,45.01768812,,,,,,,
1,460,14,7.643527088,45.01768812,,,,,,,
1,460,15,7.643527088,45.01768812,,,,,,,
1,461,12,7.649880842,45.01768812,,,,,,,
1,461,13,7.649880842,45.01768812,,,,,,,
1,461,15,7.649880842,45.01768812,,,,,,,
2,461,18,7.649880842,45.01768812,,,,,,,
1,461,19,7.649880842,45.01768812,,,,,,,
1,461,21,7.649880842,45.01768812,,,,,,,
1,462,0,7.656234595,45.01768812,,,,,,,
1,462,3,7.656234595,45.01768812,,,,,,,
1,462,15,7.656234595,45.01768812,,,,,,,
1,462,16,7.656234595,45.01768812,,,,,,,
1,462,19,7.656234595,45.01768812,,,,,,,
1,462,21,7.656234595,45.01768812,,,,,,,
1,463,10,7.662588348,45.01768812,,,,,,,
1,463,11,7.662588348,45.01768812,,,,,,,
3,463,12,7.662588348,45.01768812,,,,,,,
1,463,17,7.662588348,45.01768812,,,,,,,
1,464,8,7.668942101,45.01768812,,,,,,,
1,464,17,7.668942101,45.01768812,,,,,,,
1,464,21,7.668942101,45.01768812,,,,,,,
1,499,8,7.637173335,45.02218332,,,,,,,
1,499,9,7.637173335,45.02218332,,,,,,,
1,499,10,7.637173335,45.02218332,,,,,,,
2,499,11,7.637173335,45.02218332,,,,,,,
2,499,12,7.637173335,45.02218332,,,,,,,
1,499,15,7.637173335,45.02218332,,,,,,,
1,499,16,7.637173335,45.02218332,,,,,,,
1,499,17,7.637173335,45.02218332,,,,,,,
1,499,18,7.637173335,45.02218332,,,,,,,
1,500,0,7.643527088,45.02218332,,,,,,,
1,500,4,7.643527088,45.02218332,,,,,,,
1,500,6,7.643527088,45.02218332,,,,,,,
1,500,7,7.643527088,45.02218332,,,,,,,
1,500,8,7.643527088,45.02218332,,,,,,,
1,500,9,7.643527088,45.02218332,,,,,,,
2,500,10,7.643527088,45.02218332,,,,,,,
1,500,11,7.643527088,45.02218332,,,,,,,
2,500,14,7.643527088,45.02218332,,,,,,,
2,500,15,7.643527088,45.02218332,,,,,,,
2,500,18,7.643527088,45.02218332,,,,,,,
1,500,19,7.643527088,45.02218332,,,,,,,
1,500,23,7.643527088,45.02218332,,,,,,,
1,501,15,7.649880842,45.02218332,,,,,,,
1,502,7,7.656234595,45.02218332,,,,,,,
1,502,16,7.656234595,45.02218332,,,,,,,
3,502,17,7.656234595,45.02218332,,,,,,,
1,502,18,7.656234595,45.02218332,,,,,,,
1,502,19,7.656234595,45.02218332,,,,,,,
1,502,20,7.656234595,45.02218332,,,,,,,
2,503,10,7.662588348,45.02218332,,,,,,,
1,503,11,7.662588348,45.02218332,,,,,,,
1,503,12,7.662588348,45.02218332,,,,,,,
5,504,10,7.668942101,45.02218332,,,,,,,
4,504,11,7.668942101,45.02218332,,,,,,,
4,504,12,7.668942101,45.02218332,,,,,,,
1,504,14,7.668942101,45.02218332,,,,,,,
1,504,16,7.668942101,45.02218332,,,,,,,
1,504,17,7.668942101,45.02218332,,,,,,,
1,539,7,7.637173335,45.02667851,,,,,,,
2,539,8,7.637173335,45.02667851,,,,,,,
1,539,9,7.637173335,45.02667851,,,,,,,
4,539,10,7.637173335,45.02667851,,,,,,,
4,539,11,7.637173335,45.02667851,,,,,,,
4,539,12,7.637173335,45.02667851,,,,,,,
1,539,14,7.637173335,45.02667851,,,,,,,
1,539,18,7.637173335,45.02667851,,,,,,,
1,539,20,7.637173335,45.02667851,,,,,,,
2,540,9,7.643527088,45.02667851,,,,,,,
2,540,10,7.643527088,45.02667851,,,,,,,
1,540,11,7.643527088,45.02667851,,,,,,,
1,540,12,7.643527088,45.02667851,,,,,,,
1,540,14,7.643527088,45.02667851,,,,,,,
1,541,7,7.649880842,45.02667851,,,,,,,
1,541,8,7.649880842,45.02667851,,,,,,,
2,541,10,7.649880842,45.02667851,,,,,,,
3,541,11,7.649880842,45.02667851,,,,,,,
2,541,17,7.649880842,45.02667851,,,,,,,
4,541,18,7.649880842,45.02667851,,,,,,,
1,544,1,7.668942101,45.02667851,,,,,,,
1,544,3,7.668942101,45.02667851,,,,,,,
1,544,8,7.668942101,45.02667851,,,,,,,
1,544,9,7.668942101,45.02667851,,,,,,,
2,544,10,7.668942101,45.02667851,,,,,,,
1,544,11,7.668942101,45.02667851,,,,,,,
1,544,12,7.668942101,45.02667851,,,,,,,
1,544,16,7.668942101,45.02667851,,,,,,,
1,544,18,7.668942101,45.02667851,,,,,,,
1,544,19,7.668942101,45.02667851,,,,,,,
3,544,20,7.668942101,45.02667851,,,,,,,
3,544,21,7.668942101,45.02667851,,,,,,,
1,544,23,7.668942101,45.02667851,,,,,,,
1,545,3,7.675295855,45.02667851,,,,,,,
1,545,19,7.675295855,45.02667851,,,,,,,
1,545,20,7.675295855,45.02667851,,,,,,,
2,545,21,7.675295855,45.02667851,,,,,,,
1,546,10,7.681649608,45.02667851,,,,,,,
1,546,11,7.681649608,45.02667851,,,,,,,
1,546,12,7.681649608,45.02667851,,,,,,,
1,546,16,7.681649608,45.02667851,,23,,,,,
1,576,15,7.618112075,45.03117371,,,,,,,
1,576,21,7.618112075,45.03117371,,,,,,,
1,577,1,7.624465829,45.03117371,,,,,,,
1,577,7,7.624465829,45.03117371,,,,,,,
1,577,8,7.624465829,45.03117371,,,,,,,
1,577,9,7.624465829,45.03117371,,,,,,,
6,577,10,7.624465829,45.03117371,,,,,,,
5,577,11,7.624465829,45.03117371,,,,,,,
7,577,12,7.624465829,45.03117371,,,,,,,
1,577,13,7.624465829,45.03117371,,,,,,,
1,577,14,7.624465829,45.03117371,,,,,,,
2,577,17,7.624465829,45.03117371,,,,,,,
1,577,18,7.624465829,45.03117371,,,,,,,
1,578,10,7.630819582,45.03117371,,,,,,,
1,578,11,7.630819582,45.03117371,,,,,,,
1,578,12,7.630819582,45.03117371,,,,,,,
1,578,21,7.630819582,45.03117371,,,,,,,
1,579,1,7.637173335,45.03117371,,,,,,,
1,579,8,7.637173335,45.03117371,,,,,,,
2,579,10,7.637173335,45.03117371,,,,,,,
3,579,11,7.637173335,45.03117371,,,,,,,
3,579,12,7.637173335,45.03117371,,,,,,,
1,580,0,7.643527088,45.03117371,,,,,,,
1,580,10,7.643527088,45.03117371,,,,,,,
1,580,11,7.643527088,45.03117371,,,,,,,
1,580,13,7.643527088,45.03117371,,,,,,,
2,580,14,7.643527088,45.03117371,,,,,,,
1,580,19,7.643527088,45.03117371,,,,,,,
1,581,5,7.649880842,45.03117371,,,,,,,
1,581,7,7.649880842,45.03117371,,,,,,,
2,581,8,7.649880842,45.03117371,,,,,,,
3,581,13,7.649880842,45.03117371,,,,,,,
1,581,17,7.649880842,45.03117371,,,,,,,
1,581,19,7.649880842,45.03117371,,,,,,,
3,581,20,7.649880842,45.03117371,,,,,,,
1,581,21,7.649880842,45.03117371,,,,,,,
1,582,2,7.656234595,45.03117371,,,,,,,
2,582,3,7.656234595,45.03117371,,,,,,,
1,582,4,7.656234595,45.03117371,,,,,,,
1,582,8,7.656234595,45.03117371,,,,,,,
3,582,10,7.656234595,45.03117371,,,,,,,
2,582,11,7.656234595,45.03117371,,,,,,,
1,582,12,7.656234595,45.03117371,,,,,,,
2,582,20,7.656234595,45.03117371,,,,,,,
2,582,21,7.656234595,45.03117371,,,,,,,
1,584,0,7.668942101,45.03117371,,,,,,,
1,584,10,7.668942101,45.03117371,,,,,,,
2,584,11,7.668942101,45.03117371,,,,,,,
2,584,12,7.668942101,45.03117371,,,,,,,
2,584,14,7.668942101,45.03117371,,,,,,,
1,584,15,7.668942101,45.03117371,,,,,,,
1,584,16,7.668942101,45.03117371,,,,,,,
3,584,17,7.668942101,45.03117371,,,,,,,
1,584,18,7.668942101,45.03117371,,,,,,,
1,584,19,7.668942101,45.03117371,,,,,,,
3,584,20,7.668942101,45.03117371,,,,,,,
1,584,23,7.668942101,45.03117371,,,,,,,
1,585,19,7.675295855,45.03117371,,,,,,,
1,585,20,7.675295855,45.03117371,,,,,,,
1,586,14,7.681649608,45.03117371,,,,,,,
1,586,15,7.681649608,45.03117371,,,,,,,
2,586,18,7.681649608,45.03117371,,,,,,,
1,586,19,7.681649608,45.03117371,,,,,,,
1,586,21,7.681649608,45.03117371,,,,,,,
1,616,1,7.618112075,45.03566891,,,,,,,
1,616,3,7.618112075,45.03566891,,,,,,,
1,616,6,7.618112075,45.03566891,,,,,,,
2,616,7,7.618112075,45.03566891,,,,,,,
1,616,8,7.618112075,45.03566891,,,,,,,
7,616,10,7.618112075,45.03566891,,,,,,,
7,616,11,7.618112075,45.03566891,,,,,,,
7,616,12,7.618112075,45.03566891,,,,,,,
1,616,15,7.618112075,45.03566891,,,,,,,
2,616,21,7.618112075,45.03566891,,,,,,,
1,617,0,7.624465829,45.03566891,,,,,,,
3,617,10,7.624465829,45.03566891,,,,,,,
3,617,11,7.624465829,45.03566891,,,,,,,
3,617,12,7.624465829,45.03566891,,,,,,,
1,617,14,7.624465829,45.03566891,,,,,,,
1,617,16,7.624465829,45.03566891,,,,,,,
1,617,17,7.624465829,45.03566891,,,,,,,
1,617,18,7.624465829,45.03566891,,,,,,,
2,617,19,7.624465829,45.03566891,,,,,,,
3,617,21,7.624465829,45.03566891,,,,,,,
1,618,7,7.630819582,45.03566891,,,,,,,
1,618,10,7.630819582,45.03566891,,,,,,,
1,618,11,7.630819582,45.03566891,,,,,,,
1,618,12,7.630819582,45.03566891,,,,,,,
1,618,14,7.630819582,45.03566891,,,,,,,
1,618,20,7.630819582,45.03566891,,,,,,,
1,619,0,7.637173335,45.03566891,,,,,,,
1,619,14,7.637173335,45.03566891,,,,,,,
1,619,17,7.637173335,45.03566891,,,,,,,
1,619,18,7.637173335,45.03566891,,,,,,,
1,619,22,7.637173335,45.03566891,,,,,,,
1,619,23,7.637173335,45.03566891,,,,,,,
1,620,0,7.643527088,45.03566891,,,,,,,
1,620,3,7.643527088,45.03566891,,,,,,,
1,620,4,7.643527088,45.03566891,,,,,,,
1,620,6,7.643527088,45.03566891,,,,,,,
1,620,9,7.643527088,45.03566891,,,,,,,
1,620,10,7.643527088,45.03566891,,,,,,,
1,620,13,7.643527088,45.03566891,,,,,,,
2,620,14,7.643527088,45.03566891,,,,,,,
1,620,16,7.643527088,45.03566891,,,,,,,
1,620,17,7.643527088,45.03566891,,,,,,,
1,620,18,7.643527088,45.03566891,,,,,,,
1,620,19,7.643527088,45.03566891,,,,,,,
3,620,20,7.643527088,45.03566891,,,,,,,
1,620,21,7.643527088,45.03566891,,,,,,,
1,621,4,7.649880842,45.03566891,,,,,,,
1,621,8,7.649880842,45.03566891,,,,,,,
1,621,9,7.649880842,45.03566891,,,,,,,
2,621,10,7.649880842,45.03566891,,,,,,,
2,621,11,7.649880842,45.03566891,,,,,,,
1,621,18,7.649880842,45.03566891,,,,,,,
1,621,21,7.649880842,45.03566891,,,,,,,
1,622,14,7.656234595,45.03566891,,,,,,,
2,622,15,7.656234595,45.03566891,,,,,,,
1,622,16,7.656234595,45.03566891,,,,,,,
1,622,17,7.656234595,45.03566891,,,,,,,
2,622,20,7.656234595,45.03566891,,,,,,,
1,623,9,7.662588348,45.03566891,,,,,,,
1,623,21,7.662588348,45.03566891,,,,,,,
1,624,3,7.668942101,45.03566891,,,,,,,
1,624,8,7.668942101,45.03566891,,,,,,,
1,624,9,7.668942101,45.03566891,,,,,,,
1,624,14,7.668942101,45.03566891,,,,,,,
1,624,20,7.668942101,45.03566891,,,,,,,
1,625,10,7.675295855,45.03566891,,,,,,,
1,625,11,7.675295855,45.03566891,,,,,,,
1,625,12,7.675295855,45.03566891,,,,,,,
1,626,2,7.681649608,45.03566891,,,,,,,
1,626,8,7.681649608,45.03566891,,,,,,,
3,626,10,7.681649608,45.03566891,,,,,,,
3,626,11,7.681649608,45.03566891,,,,,,,
2,626,12,7.681649608,45.03566891,,,,,,,
1,626,18,7.681649608,45.03566891,,,,,,,
1,657,0,7.624465829,45.0401641,,,,,,,
2,657,5,7.624465829,45.0401641,,,,,,,
2,657,10,7.624465829,45.0401641,,,,,,,
2,657,11,7.624465829,45.0401641,,,,,,,
3,657,12,7.624465829,45.0401641,,,,,,,
1,657,14,7.624465829,45.0401641,,,,,,,
2,657,16,7.624465829,45.0401641,,,,,,,
3,657,21,7.624465829,45.0401641,,,,,,,
1,658,8,7.630819582,45.0401641,,,,,,,
1,658,9,7.630819582,45.0401641,,,,,,,
2,658,10,7.630819582,45.0401641,,,,,,,
2,658,11,7.630819582,45.0401641,,,,,,,
2,658,12,7.630819582,45.0401641,,,,,,,
1,658,14,7.630819582,45.0401641,,,,,,,
1,658,15,7.630819582,45.0401641,,,,,,,
1,658,16,7.630819582,45.0401641,,,,,,,
1,658,18,7.630819582,45.0401641,,,,,,,
2,658,19,7.630819582,45.0401641,,,,,,,
1,658,20,7.630819582,45.0401641,,,,,,,
2,658,21,7.630819582,45.0401641,,,,,,,
1,659,7,7.637173335,45.0401641,,,,,,,
2,659,8,7.637173335,45.0401641,,,,,,,
1,659,9,7.637173335,45.0401641,,,,,,,
1,659,10,7.637173335,45.0401641,,,,,,,
1,659,19,7.637173335,45.0401641,,,,,,,
1,659,20,7.637173335,45.0401641,,,,,,,
1,659,21,7.637173335,45.0401641,,,,,,,
2,660,1,7.643527088,45.0401641,,,,,,,
2,660,2,7.643527088,45.0401641,,,,,,,
1,660,6,7.643527088,45.0401641,,,,,,,
1,660,7,7.643527088,45.0401641,,,,,,,
2,660,8,7.643527088,45.0401641,,,,,,,
1,660,9,7.643527088,45.0401641,,,,,,,
2,660,10,7.643527088,45.0401641,,,,,,,
1,660,13,7.643527088,45.0401641,,,,,,,
1,660,19,7.643527088,45.0401641,,,,,,,
2,660,20,7.643527088,45.0401641,,,,,,,
2,660,21,7.643527088,45.0401641,,,,,,,
2,661,10,7.649880842,45.0401641,,,,,,,
1,661,11,7.649880842,45.0401641,,,,,,,
2,661,12,7.649880842,45.0401641,,,,,,,
1,661,13,7.649880842,45.0401641,,,,,,,
1,661,16,7.649880842,45.0401641,,,,,,,
2,662,12,7.656234595,45.0401641,,,,,,,
1,662,18,7.656234595,45.0401641,,,,,,,
1,662,19,7.656234595,45.0401641,,,,,,,
1,662,20,7.656234595,45.0401641,,,,,,,
1,663,14,7.662588348,45.0401641,,,,,,,
1,663,20,7.662588348,45.0401641,,,,,,,
1,663,21,7.662588348,45.0401641,,,,,,,
1,664,7,7.668942101,45.0401641,,,,,,,
2,664,8,7.668942101,45.0401641,,,,,,,
2,664,10,7.668942101,45.0401641,,,,,,,
2,664,11,7.668942101,45.0401641,,,,,,,
1,664,12,7.668942101,45.0401641,,,,,,,
1,664,16,7.668942101,45.0401641,,,,,,,
1,664,18,7.668942101,45.0401641,,,,,,,
1,664,19,7.668942101,45.0401641,,,,,,,
3,665,0,7.675295855,45.0401641,,,,,,,
2,665,1,7.675295855,45.0401641,,,,,,,
1,665,2,7.675295855,45.0401641,,,,,,,
2,665,7,7.675295855,45.0401641,,,,,,,
2,665,8,7.675295855,45.0401641,,,,,,,
1,665,9,7.675295855,45.0401641,,,,,,,
5,665,10,7.675295855,45.0401641,,,,,,,
6,665,11,7.675295855,45.0401641,,,,,,,
6,665,12,7.675295855,45.0401641,,,,,,,
2,665,13,7.675295855,45.0401641,,,,,,,
2,665,14,7.675295855,45.0401641,,,,,,,
1,665,16,7.675295855,45.0401641,,,,,,,
3,665,17,7.675295855,45.0401641,,,,,,,
1,665,18,7.675295855,45.0401641,,,,,,,
2,665,19,7.675295855,45.0401641,,,,,,,
3,665,20,7.675295855,45.0401641,,,,,,,
2,665,23,7.675295855,45.0401641,,,,,,,
1,666,8,7.681649608,45.0401641,,,,,,,
1,666,9,7.681649608,45.0401641,,,,,,,
1,666,10,7.681649608,45.0401641,,,,,,,
1,666,11,7.681649608,45.0401641,,,,,,,
1,666,14,7.681649608,45.0401641,,,,,,,
2,666,18,7.681649608,45.0401641,,,,,,,
2,666,20,7.681649608,45.0401641,,,,,,,
1,667,21,7.688003361,45.0401641,,,,,,,
1,697,1,7.624465829,45.0446593,,,,,,,
1,697,4,7.624465829,45.0446593,,,,,,,
1,697,10,7.624465829,45.0446593,,,,,,,
1,697,11,7.624465829,45.0446593,,,,,,,
1,697,12,7.624465829,45.0446593,,,,,,,
2,698,18,7.630819582,45.0446593,,,,,,,
2,698,19,7.630819582,45.0446593,,,,,,,
3,698,21,7.630819582,45.0446593,,,,,,,
1,698,22,7.630819582,45.0446593,,,,,,,
1,698,23,7.630819582,45.0446593,,,,,,,
1,699,5,7.637173335,45.0446593,,,,,,,
1,699,8,7.637173335,45.0446593,,,,,,,
1,699,9,7.637173335,45.0446593,,,,,,,
1,699,10,7.637173335,45.0446593,,,,,,,
2,699,11,7.637173335,45.0446593,,,,,,,
1,699,12,7.637173335,45.0446593,,,,,,,
1,699,14,7.637173335,45.0446593,,,,,,,
1,699,18,7.637173335,45.0446593,,,,,,,
2,699,19,7.637173335,45.0446593,,,,,,,
1,699,21,7.637173335,45.0446593,,,,,,,
1,700,10,7.643527088,45.0446593,,,,,,,
1,700,11,7.643527088,45.0446593,,,,,,,
1,700,14,7.643527088,45.0446593,,,,,,,
2,700,19,7.643527088,45.0446593,,,,,,,
1,700,21,7.643527088,45.0446593,,,,,,,
1,701,0,7.649880842,45.0446593,,,,,,,
1,701,2,7.649880842,45.0446593,,,,,,,
1,701,7,7.649880842,45.0446593,,,,,,,
1,701,8,7.649880842,45.0446593,,,,,,,
1,701,11,7.649880842,45.0446593,,,,,,,
2,701,12,7.649880842,45.0446593,,,,,,,
2,701,13,7.649880842,45.0446593,,,,,,,
1,701,14,7.649880842,45.0446593,,,,,,,
3,701,17,7.649880842,45.0446593,,,,,,,
1,701,20,7.649880842,45.0446593,,,,,,,
1,701,21,7.649880842,45.0446593,,,,,,,
1,702,3,7.656234595,45.0446593,,,,,,,
1,703,0,7.662588348,45.0446593,,,,,,,
1,703,4,7.662588348,45.0446593,,,,,,,
4,703,8,7.662588348,45.0446593,,,,,,,
2,703,9,7.662588348,45.0446593,,,,,,,
4,703,10,7.662588348,45.0446593,,,,,,,
2,703,11,7.662588348,45.0446593,,,,,,,
1,703,12,7.662588348,45.0446593,,,,,,,
2,703,15,7.662588348,45.0446593,,,,,,,
1,703,17,7.662588348,45.0446593,,,,,,,
1,703,18,7.662588348,45.0446593,,,,,,,
4,703,19,7.662588348,45.0446593,,,,,,,
5,703,20,7.662588348,45.0446593,,,,,,,
2,703,21,7.662588348,45.0446593,,,,,,,
1,703,22,7.662588348,45.0446593,,,,,,,
1,704,1,7.668942101,45.0446593,,,,,,,
2,704,8,7.668942101,45.0446593,,,,,,,
4,704,10,7.668942101,45.0446593,,,,,,,
6,704,11,7.668942101,45.0446593,,,,,,,
6,704,12,7.668942101,45.0446593,,,,,,,
1,704,18,7.668942101,45.0446593,,,,,,,
1,705,7,7.675295855,45.0446593,,,,,,,
1,705,8,7.675295855,45.0446593,,,,,,,
1,705,9,7.675295855,45.0446593,,,,,,,
1,705,10,7.675295855,45.0446593,,,,,,,
2,705,12,7.675295855,45.0446593,,,,,,,
1,705,13,7.675295855,45.0446593,,,,,,,
2,705,14,7.675295855,45.0446593,,,,,,,
2,705,16,7.675295855,45.0446593,,,,,,,
4,705,17,7.675295855,45.0446593,,,,,,,
1,705,18,7.675295855,45.0446593,,,,,,,
1,705,19,7.675295855,45.0446593,,,,,,,
1,705,23,7.675295855,45.0446593,,,,,,,
1,706,9,7.681649608,45.0446593,,,,,,,
1,706,11,7.681649608,45.0446593,,,,,,,
1,706,12,7.681649608,45.0446593,,,,,,,
3,706,13,7.681649608,45.0446593,,,,,,,
2,706,15,7.681649608,45.0446593,,,,,,,
1,706,16,7.681649608,45.0446593,,,,,,,
4,706,17,7.681649608,45.0446593,,,,,,,
1,706,19,7.681649608,45.0446593,,,,,,,
4,706,20,7.681649608,45.0446593,,,,,,,
3,706,21,7.681649608,45.0446593,,,,,,,
1,735,9,7.611758322,45.0491545,,,,,,,
1,735,10,7.611758322,45.0491545,,,,,,,
2,735,11,7.611758322,45.0491545,,,,,,,
2,735,12,7.611758322,45.0491545,,,,,,,
1,735,14,7.611758322,45.0491545,,,,,,,
2,735,15,7.611758322,45.0491545,,,,,,,
1,735,19,7.611758322,45.0491545,,,,,,,
1,735,21,7.611758322,45.0491545,,,,,,,
1,737,2,7.624465829,45.0491545,,,,,,,
1,737,10,7.624465829,45.0491545,,,,,,,
1,737,11,7.624465829,45.0491545,,,,,,,
1,737,12,7.624465829,45.0491545,,,,,,,
1,738,0,7.630819582,45.0491545,,,,,,,
1,738,8,7.630819582,45.0491545,,,,,,,
2,738,10,7.630819582,45.0491545,,,,,,,
1,738,11,7.630819582,45.0491545,,,,,,,
2,738,12,7.630819582,45.0491545,,,,,,,
1,738,14,7.630819582,45.0491545,,,,,,,
1,738,15,7.630819582,45.0491545,,,,,,,
1,738,17,7.630819582,45.0491545,,,,,,,
2,738,18,7.630819582,45.0491545,,,,,,,
2,738,19,7.630819582,45.0491545,,,,,,,
1,738,21,7.630819582,45.0491545,,,,,,,
1,739,8,7.637173335,45.0491545,,,,,,,
1,739,9,7.637173335,45.0491545,,,,,,,
1,739,10,7.637173335,45.0491545,,,,,,,
1,739,11,7.637173335,45.0491545,,,,,,,
1,739,12,7.637173335,45.0491545,,,,,,,
1,739,14,7.637173335,45.0491545,,,,,,,
1,739,16,7.637173335,45.0491545,,,,,,,
1,739,21,7.637173335,45.0491545,,,,,,,
1,740,6,7.643527088,45.0491545,,,,,,,
1,740,8,7.643527088,45.0491545,,,,,,,
1,740,23,7.643527088,45.0491545,,,,,,,
1,741,1,7.649880842,45.0491545,,,,,,,
2,741,2,7.649880842,45.0491545,,,,,,,
1,741,3,7.649880842,45.0491545,,,,,,,
1,741,6,7.649880842,45.0491545,,,,,,,
1,741,7,7.649880842,45.0491545,,,,,,,
1,741,8,7.649880842,45.0491545,,,,,,,
1,741,11,7.649880842,45.0491545,,,,,,,
2,741,12,7.649880842,45.0491545,,,,,,,
1,741,18,7.649880842,45.0491545,,,,,,,
4,741,20,7.649880842,45.0491545,,,,,,,
1,742,0,7.656234595,45.0491545,,,,,,,
1,742,8,7.656234595,45.0491545,,,,,,,
2,742,11,7.656234595,45.0491545,,,,,,,
1,742,12,7.656234595,45.0491545,,,,,,,
2,742,14,7.656234595,45.0491545,,,,,,,
1,742,16,7.656234595,45.0491545,,,,,,,
2,742,17,7.656234595,45.0491545,,,,,,,
2,742,18,7.656234595,45.0491545,,,,,,,
4,742,19,7.656234595,45.0491545,,,,,,,
1,742,21,7.656234595,45.0491545,,,,,,,
1,743,0,7.662588348,45.0491545,,,,,,,
1,743,1,7.662588348,45.0491545,,,,,,,
1,743,7,7.662588348,45.0491545,,,,,,,
2,743,8,7.662588348,45.0491545,,,,,,,
3,743,9,7.662588348,45.0491545,,,,,,,
3,743,10,7.662588348,45.0491545,,,,,,,
2,743,12,7.662588348,45.0491545,,,,,,,
6,743,13,7.662588348,45.0491545,,,,,,,
1,743,14,7.662588348,45.0491545,,,,,,,
1,743,15,7.662588348,45.0491545,,,,,,,
1,743,16,7.662588348,45.0491545,,,,,,,
1,743,17,7.662588348,45.0491545,,,,,,,
2,743,18,7.662588348,45.0491545,,,,,,,
2,743,19,7.662588348,45.0491545,,,,,,,
1,743,20,7.662588348,45.0491545,,,,,,,
1,743,21,7.662588348,45.0491545,,,,,,,
1,743,23,7.662588348,45.0491545,,,,,,,
1,744,0,7.668942101,45.0491545,,,,,,,
1,744,7,7.668942101,45.0491545,,,,,,,
1,744,8,7.668942101,45.0491545,,,,,,,
2,744,9,7.668942101,45.0491545,,,,,,,
3,744,10,7.668942101,45.0491545,,,,,,,
5,744,11,7.668942101,45.0491545,,,,,,,
6,744,12,7.668942101,45.0491545,,,,,,,
2,744,13,7.668942101,45.0491545,,,,,,,
2,744,15,7.668942101,45.0491545,,,,,,,
2,744,18,7.668942101,45.0491545,,,,,,,
1,745,1,7.675295855,45.0491545,,,,,,,
1,745,2,7.675295855,45.0491545,,,,,,,
1,745,3,7.675295855,45.0491545,,,,,,,
1,745,6,7.675295855,45.0491545,,,,,,,
2,745,7,7.675295855,45.0491545,,,,,,,
2,745,8,7.675295855,45.0491545,,,,,,,
1,745,9,7.675295855,45.0491545,,,,,,,
1,745,10,7.675295855,45.0491545,,,,,,,
1,745,11,7.675295855,45.0491545,,,,,,,
3,745,12,7.675295855,45.0491545,,,,,,,
3,745,13,7.675295855,45.0491545,,,,,,,
2,745,14,7.675295855,45.0491545,,,,,,,
3,745,15,7.675295855,45.0491545,,,,,,,
1,745,16,7.675295855,45.0491545,,,,,,,
2,745,17,7.675295855,45.0491545,,,,,,,
3,745,18,7.675295855,45.0491545,,,,,,,
2,745,22,7.675295855,45.0491545,,,,,,,
2,746,0,7.681649608,45.0491545,,,,,,,
2,746,1,7.681649608,45.0491545,,,,,,,
1,746,2,7.681649608,45.0491545,,,,,,,
1,746,4,7.681649608,45.0491545,,,,,,,
1,746,5,7.681649608,45.0491545,,,,,,,
1,746,6,7.681649608,45.0491545,,,,,,,
1,746,7,7.681649608,45.0491545,,,,,,,
2,746,8,7.681649608,45.0491545,,,,,,,
5,746,9,7.681649608,45.0491545,,,,,,,
2,746,10,7.681649608,45.0491545,,,,,,,
3,746,11,7.681649608,45.0491545,,,,,,,
2,746,12,7.681649608,45.0491545,,,,,,,
1,746,13,7.681649608,45.0491545,,,,,,,
2,746,14,7.681649608,45.0491545,,,,,,,
1,746,15,7.681649608,45.0491545,,,,,,,
2,746,16,7.681649608,45.0491545,,,,,,,
1,746,17,7.681649608,45.0491545,,,,,,,
4,746,18,7.681649608,45.0491545,,,,,,,
2,746,19,7.681649608,45.0491545,,,,,,,
1,746,20,7.681649608,45.0491545,,,,,,,
2,746,21,7.681649608,45.0491545,,,,,,,
1,747,1,7.688003361,45.0491545,,,,,,,
2,747,5,7.688003361,45.0491545,,,,,,,
1,747,15,7.688003361,45.0491545,,,,,,,
1,747,18,7.688003361,45.0491545,,,,,,,
1,748,12,7.694357114,45.0491545,,,,,,,
1,748,16,7.694357114,45.0491545,,,,,,,
1,778,1,7.630819582,45.0536497,,,,,,,
1,778,2,7.630819582,45.0536497,,,,,,,
1,778,7,7.630819582,45.0536497,,,,,,,
1,778,9,7.630819582,45.0536497,,,,,,,
1,778,10,7.630819582,45.0536497,,,,,,,
1,778,11,7.630819582,45.0536497,,,,,,,
1,778,12,7.630819582,45.0536497,,,,,,,
1,778,13,7.630819582,45.0536497,,,,,,,
1,778,21,7.630819582,45.0536497,,,,,,,
1,779,2,7.637173335,45.0536497,,,,,,,
1,779,8,7.637173335,45.0536497,,,,,,,
2,779,9,7.637173335,45.0536497,,,,,,,
3,779,10,7.637173335,45.0536497,,,,,,,
3,779,11,7.637173335,45.0536497,,,,,,,
3,779,12,7.637173335,45.0536497,,,,,,,
1,779,15,7.637173335,45.0536497,,,,,,,
1,779,16,7.637173335,45.0536497,,,,,,,
1,779,17,7.637173335,45.0536497,,,,,,,
1,779,18,7.637173335,45.0536497,,,,,,,
2,779,21,7.637173335,45.0536497,,,,,,,
1,780,9,7.643527088,45.0536497,,,,,,,
1,780,10,7.643527088,45.0536497,,,,,,,
1,780,11,7.643527088,45.0536497,,,,,,,
1,780,13,7.643527088,45.0536497,,,,,,,
1,780,15,7.643527088,45.0536497,,,,,,,
1,780,16,7.643527088,45.0536497,,,,,,,
1,780,18,7.643527088,45.0536497,,,,,,,
1,780,19,7.643527088,45.0536497,,,,,,,
1,781,6,7.649880842,45.0536497,,,,,,,
1,781,7,7.649880842,45.0536497,,,,,,,
1,781,8,7.649880842,45.0536497,,,,,,,
2,781,10,7.649880842,45.0536497,,,,,,,
2,781,16,7.649880842,45.0536497,,,,,,,
2,781,18,7.649880842,45.0536497,,,,,,,
1,781,21,7.649880842,45.0536497,,,,,,,
1,781,23,7.649880842,45.0536497,,,,,,,
2,782,1,7.656234595,45.0536497,,,,,,,
1,782,4,7.656234595,45.0536497,,,,,,,
1,782,5,7.656234595,45.0536497,,,,,,,
1,782,8,7.656234595,45.0536497,,,,,,,
2,782,9,7.656234595,45.0536497,,,,,,,
1,782,10,7.656234595,45.0536497,,,,,,,
1,782,12,7.656234595,45.0536497,,,,,,,
1,782,14,7.656234595,45.0536497,,,,,,,
3,782,15,7.656234595,45.0536497,,,,,,,
2,782,17,7.656234595,45.0536497,,,,,,,
3,782,18,7.656234595,45.0536497,,,,,,,
2,782,19,7.656234595,45.0536497,,,,,,,
5,782,20,7.656234595,45.0536497,,,,,,,
5,782,21,7.656234595,45.0536497,,,,,,,
1,783,1,7.662588348,45.0536497,,,,,,,
1,783,4,7.662588348,45.0536497,,,,,,,
2,783,7,7.662588348,45.0536497,,,,,,,
2,783,8,7.662588348,45.0536497,,,,,,,
3,783,9,7.662588348,45.0536497,,,,,,,
1,783,11,7.662588348,45.0536497,,,,,,,
2,783,12,7.662588348,45.0536497,,,,,,,
5,783,14,7.662588348,45.0536497,,,,,,,
3,783,15,7.662588348,45.0536497,,,,,,,
4,783,18,7.662588348,45.0536497,,,,,,,
1,783,19,7.662588348,45.0536497,,,,,,,
1,783,21,7.662588348,45.0536497,,,,,,,
1,783,22,7.662588348,45.0536497,,,,,,,
1,784,0,7.668942101,45.0536497,,,,,,,
3,784,1,7.668942101,45.0536497,,,,,,,
2,784,2,7.668942101,45.0536497,,,,,,,
1,784,5,7.668942101,45.0536497,,,,,,,
2,784,8,7.668942101,45.0536497,,,,,,,
2,784,9,7.668942101,45.0536497,,,,,,,
1,784,10,7.668942101,45.0536497,,,,,,,
2,784,11,7.668942101,45.0536497,,,,,,,
1,784,12,7.668942101,45.0536497,,,,,,,
2,784,13,7.668942101,45.0536497,,,,,,,
1,784,14,7.668942101,45.0536497,,,,,,,
2,784,15,7.668942101,45.0536497,,,,,,,
1,784,16,7.668942101,45.0536497,,,,,,,
3,784,18,7.668942101,45.0536497,,,,,,,
4,784,19,7.668942101,45.0536497,,,,,,,
1,784,21,7.668942101,45.0536497,,,,,,,
2,784,23,7.668942101,45.0536497,,,,,,,
3,785,0,7.675295855,45.0536497,,,,,,,
1,785,4,7.675295855,45.0536497,,,,,,,
2,785,5,7.675295855,45.0536497,,,,,,,
2,785,7,7.675295855,45.0536497,,,,,,,
1,785,8,7.675295855,45.0536497,,,,,,,
1,785,9,7.675295855,45.0536497,,,,,,,
1,785,11,7.675295855,45.0536497,,,,,,,
1,785,12,7.675295855,45.0536497,,,,,,,
1,785,13,7.675295855,45.0536497,,,,,,,
1,785,14,7.675295855,45.0536497,,,,,,,
1,785,16,7.675295855,45.0536497,,,,,,,
1,785,17,7.675295855,45.0536497,,,,,,,
1,785,19,7.675295855,45.0536497,,,,,,,
1,785,20,7.675295855,45.0536497,,,,,,,
2,786,0,7.681649608,45.0536497,,,,,,,
1,786,3,7.681649608,45.0536497,,,,,,,
1,786,6,7.681649608,45.0536497,,,,,,,
1,786,7,7.681649608,45.0536497,,,,,,,
2,786,8,7.681649608,45.0536497,,,,,,,
1,786,10,7.681649608,45.0536497,,,,,,,
1,786,11,7.681649608,45.0536497,,,,,,,
1,786,12,7.681649608,45.0536497,,,,,,,
2,786,13,7.681649608,45.0536497,,,,,,,
1,786,14,7.681649608,45.0536497,,,,,,,
1,786,16,7.681649608,45.0536497,,,,,,,
4,786,17,7.681649608,45.0536497,,,,,,,
4,786,19,7.681649608,45.0536497,,,,,,,
2,786,23,7.681649608,45.0536497,,,,,,,
1,787,8,7.688003361,45.0536497,,,,,,,
1,787,9,7.688003361,45.0536497,,,,,,,
1,787,10,7.688003361,45.0536497,,,,,,,
1,787,11,7.688003361,45.0536497,,,,,,,
1,787,13,7.688003361,45.0536497,,,,,,,
1,787,16,7.688003361,45.0536497,,,,,,,
2,787,18,7.688003361,45.0536497,,,,,,,
1,787,22,7.688003361,45.0536497,,,,,,,
1,787,23,7.688003361,45.0536497,,,,,,,
1,788,5,7.694357114,45.0536497,,,,,,,
2,788,6,7.694357114,45.0536497,,,,,,,
1,788,8,7.694357114,45.0536497,,,,,,,
1,788,9,7.694357114,45.0536497,,,,,,,
2,788,10,7.694357114,45.0536497,,,,,,,
1,788,11,7.694357114,45.0536497,,,,,,,
2,788,14,7.694357114,45.0536497,,,,,,,
1,788,15,7.694357114,45.0536497,,,,,,,
1,788,16,7.694357114,45.0536497,,,,,,,
2,788,17,7.694357114,45.0536497,,,,,,,
1,788,18,7.694357114,45.0536497,,,,,,,
1,788,19,7.694357114,45.0536497,,,,,,,
1,788,20,7.694357114,45.0536497,,,,,,,
1,817,0,7.624465829,45.05814489,,,,,,,
1,817,8,7.624465829,45.05814489,,,,,,,
1,818,4,7.630819582,45.05814489,,,,,,,
1,818,10,7.630819582,45.05814489,,,,,,,
1,818,11,7.630819582,45.05814489,,,,,,,
1,818,16,7.630819582,45.05814489,,,,,,,
1,818,18,7.630819582,45.05814489,,,,,,,
1,819,0,7.637173335,45.05814489,,,,,,,
1,819,6,7.637173335,45.05814489,,,,,,,
1,819,7,7.637173335,45.05814489,,,,,,,
1,819,8,7.637173335,45.05814489,,,,,,,
1,819,9,7.637173335,45.05814489,,,,,,,
2,819,10,7.637173335,45.05814489,,,,,,,
1,819,14,7.637173335,45.05814489,,,,,,,
1,819,15,7.637173335,45.05814489,,,,,,,
1,819,18,7.637173335,45.05814489,,,,,,,
1,819,19,7.637173335,45.05814489,,,,,,,
1,819,21,7.637173335,45.05814489,,,,,,,
2,820,5,7.643527088,45.05814489,,,,,,,
3,820,8,7.643527088,45.05814489,,,,,,,
2,820,11,7.643527088,45.05814489,,,,,,,
1,820,12,7.643527088,45.05814489,,,,,,,
1,820,14,7.643527088,45.05814489,,,,,,,
1,820,15,7.643527088,45.05814489,,,,,,,
1,820,16,7.643527088,45.05814489,,,,,,,
1,820,18,7.643527088,45.05814489,,,,,,,
3,820,20,7.643527088,45.05814489,,,,,,,
4,820,21,7.643527088,45.05814489,,,,,,,
1,821,1,7.649880842,45.05814489,,,,,,,
1,821,4,7.649880842,45.05814489,,,,,,,
1,821,8,7.649880842,45.05814489,,,,,,,
1,821,9,7.649880842,45.05814489,,,,,,,
1,821,10,7.649880842,45.05814489,,,,,,,
2,821,11,7.649880842,45.05814489,,,,,,,
2,821,13,7.649880842,45.05814489,,,,,,,
1,821,14,7.649880842,45.05814489,,,,,,,
2,821,15,7.649880842,45.05814489,,,,,,,
2,821,17,7.649880842,45.05814489,,,,,,,
1,821,18,7.649880842,45.05814489,,,,,,,
2,821,19,7.649880842,45.05814489,,,,,,,
6,821,20,7.649880842,45.05814489,,,,,,,
1,821,21,7.649880842,45.05814489,,,,,,,
1,821,22,7.649880842,45.05814489,,,,,,,
1,822,3,7.656234595,45.05814489,,,,,,,
1,822,7,7.656234595,45.05814489,,,,,,,
3,822,8,7.656234595,45.05814489,,,,,,,
1,822,9,7.656234595,45.05814489,,,,,,,
1,822,10,7.656234595,45.05814489,,,,,,,
2,822,11,7.656234595,45.05814489,,,,,,,
1,822,12,7.656234595,45.05814489,,,,,,,
2,822,13,7.656234595,45.05814489,,,,,,,
1,822,16,7.656234595,45.05814489,,,,,,,
2,822,17,7.656234595,45.05814489,,,,,,,
2,822,18,7.656234595,45.05814489,,,,,,,
1,822,20,7.656234595,45.05814489,,,,,,,
2,822,21,7.656234595,45.05814489,,,,,,,
1,822,22,7.656234595,45.05814489,,,,,,,
1,822,23,7.656234595,45.05814489,,,,,,,
1,823,1,7.662588348,45.05814489,,,,,,,
4,823,8,7.662588348,45.05814489,,,,,,,
6,823,9,7.662588348,45.05814489,,,,,,,
9,823,10,7.662588348,45.05814489,,,,,,,
7,823,11,7.662588348,45.05814489,,,,,,,
4,823,12,7.662588348,45.05814489,,,,,,,
3,823,14,7.662588348,45.05814489,,,,,,,
4,823,16,7.662588348,45.05814489,,,,,,,
3,823,17,7.662588348,45.05814489,,,,,,,
1,823,18,7.662588348,45.05814489,,,,,,,
2,823,19,7.662588348,45.05814489,,,,,,,
2,823,21,7.662588348,45.05814489,,,,,,,
1,824,0,7.668942101,45.05814489,,,,,,,
1,824,1,7.668942101,45.05814489,,,,,,,
2,824,8,7.668942101,45.05814489,,,,,,,
4,824,9,7.668942101,45.05814489,,,,,,,
5,824,10,7.668942101,45.05814489,,,,,,,
1,824,11,7.668942101,45.05814489,,,,,,,
4,824,12,7.668942101,45.05814489,,,,,,,
2,824,13,7.668942101,45.05814489,,,,,,,
2,824,14,7.668942101,45.05814489,,,,,,,
1,824,15,7.668942101,45.05814489,,,,,,,
3,824,16,7.668942101,45.05814489,,,,,,,
2,824,17,7.668942101,45.05814489,,,,,,,
2,824,18,7.668942101,45.05814489,,,,,,,
2,824,20,7.668942101,45.05814489,,,,,,,
2,824,21,7.668942101,45.05814489,,,,,,,
1,824,22,7.668942101,45.05814489,,,,,,,
2,824,23,7.668942101,45.05814489,,,,,,,
1,825,0,7.675295855,45.05814489,,,,,,,
1,825,3,7.675295855,45.05814489,,,,,,,
1,825,5,7.675295855,45.05814489,,,,,,,
1,825,6,7.675295855,45.05814489,,,,,,,
3,825,7,7.675295855,45.05814489,,,,,,,
1,825,8,7.675295855,45.05814489,,,,,,,
5,825,9,7.675295855,45.05814489,,,,,,,
11,825,10,7.675295855,45.05814489,,,,,,,
10,825,11,7.675295855,45.05814489,,,,,,,
11,825,12,7.675295855,45.05814489,,,,,,,
2,825,13,7.675295855,45.05814489,,,,,,,
1,825,14,7.675295855,45.05814489,,,,,,,
4,825,15,7.675295855,45.05814489,,,,,,,
2,825,16,7.675295855,45.05814489,,,,,,,
2,825,17,7.675295855,45.05814489,,,,,,,
3,825,18,7.675295855,45.05814489,,,,,,,
2,825,19,7.675295855,45.05814489,,,,,,,
3,825,20,7.675295855,45.05814489,,,,,,,
3,825,21,7.675295855,45.05814489,,,,,,,
2,825,22,7.675295855,45.05814489,,,,,,,
3,826,0,7.681649608,45.05814489,,,,,,,
1,826,4,7.681649608,45.05814489,,,,,,,
3,826,5,7.681649608,45.05814489,,,,,,,
3,826,6,7.681649608,45.05814489,,,,,,,
4,826,7,7.681649608,45.05814489,,,,,,,
3,826,8,7.681649608,45.05814489,,,,,,,
7,826,9,7.681649608,45.05814489,,,,,,,
6,826,10,7.681649608,45.05814489,,,,,,,
8,826,11,7.681649608,45.05814489,,,,,,,
5,826,12,7.681649608,45.05814489,,,,,,,
2,826,13,7.681649608,45.05814489,,,,,,,
5,826,15,7.681649608,45.05814489,,,,,,,
7,826,17,7.681649608,45.05814489,,,,,,,
1,826,18,7.681649608,45.05814489,,,,,,,
2,826,19,7.681649608,45.05814489,,,,,,,
1,826,20,7.681649608,45.05814489,,,,,,,
3,826,21,7.681649608,45.05814489,,,,,,,
2,826,22,7.681649608,45.05814489,,,,,,,
4,826,23,7.681649608,45.05814489,,,,,,,
1,827,6,7.688003361,45.05814489,,,,,,,
1,827,7,7.688003361,45.05814489,,,,,,,
1,827,8,7.688003361,45.05814489,,,,,,,
2,827,9,7.688003361,45.05814489,,,,,,,
1,827,10,7.688003361,45.05814489,,,,,,,
1,827,11,7.688003361,45.05814489,,,,,,,
3,827,12,7.688003361,45.05814489,,,,,,,
4,827,13,7.688003361,45.05814489,,,,,,,
4,827,14,7.688003361,45.05814489,,,,,,,
4,827,16,7.688003361,45.05814489,,,,,,,
4,827,17,7.688003361,45.05814489,,,,,,,
3,827,18,7.688003361,45.05814489,,,,,,,
2,827,19,7.688003361,45.05814489,,,,,,,
1,827,20,7.688003361,45.05814489,,,,,,,
4,827,21,7.688003361,45.05814489,,,,,,,
1,827,22,7.688003361,45.05814489,,,,,,,
1,827,23,7.688003361,45.05814489,,,,,,,
3,828,8,7.694357114,45.05814489,,,,,,,
1,828,9,7.694357114,45.05814489,,,,,,,
2,828,10,7.694357114,45.05814489,,,,,,,
1,828,11,7.694357114,45.05814489,,,,,,,
2,828,14,7.694357114,45.05814489,,,,,,,
2,828,15,7.694357114,45.05814489,,,,,,,
2,828,16,7.694357114,45.05814489,,,,,,,
1,828,17,7.694357114,45.05814489,,,,,,,
2,828,18,7.694357114,45.05814489,,,,,,,
1,828,21,7.694357114,45.05814489,,,,,,,
1,828,22,7.694357114,45.05814489,,,,,,,
2,829,9,7.700710868,45.05814489,,,,,,,
1,829,13,7.700710868,45.05814489,,,,,,,
2,829,14,7.700710868,45.05814489,,,,,,,
1,829,15,7.700710868,45.05814489,,,,,,,
2,829,16,7.700710868,45.05814489,,,,,,,
1,829,17,7.700710868,45.05814489,,,,,,,
1,829,18,7.700710868,45.05814489,,,,,,,
1,829,20,7.700710868,45.05814489,,,,,,,
3,829,21,7.700710868,45.05814489,,,,,,,
1,829,22,7.700710868,45.05814489,,,,,,,
1,830,7,7.707064621,45.05814489,,,,,,,
3,830,8,7.707064621,45.05814489,,,,,,,
3,830,9,7.707064621,45.05814489,,,,,,,
3,830,10,7.707064621,45.05814489,,,,,,,
4,830,11,7.707064621,45.05814489,,,,,,,
2,830,12,7.707064621,45.05814489,,,,,,,
1,830,13,7.707064621,45.05814489,,,,,,,
2,830,14,7.707064621,45.05814489,,,,,,,
2,830,15,7.707064621,45.05814489,,,,,,,
2,830,16,7.707064621,45.05814489,,,,,,,
1,830,17,7.707064621,45.05814489,,,,,,,
1,830,18,7.707064621,45.05814489,,,,,,,
1,830,19,7.707064621,45.05814489,,,,,,,
1,830,20,7.707064621,45.05814489,,,,,,,
1,856,0,7.618112075,45.06264009,,,,,,,
1,856,2,7.618112075,45.06264009,,,,,,,
1,856,7,7.618112075,45.06264009,,,,,,,
2,856,8,7.618112075,45.06264009,,,,,,,
1,856,10,7.618112075,45.06264009,,,,,,,
1,856,11,7.618112075,45.06264009,,,,,,,
1,856,12,7.618112075,45.06264009,,,,,,,
1,856,16,7.618112075,45.06264009,,,,,,,
1,856,21,7.618112075,45.06264009,,,,,,,
1,857,0,7.624465829,45.06264009,,,,,,,
2,857,8,7.624465829,45.06264009,,,,,,,
1,857,9,7.624465829,45.06264009,,,,,,,
2,857,11,7.624465829,45.06264009,,,,,,,
1,857,12,7.624465829,45.06264009,,,,,,,
1,857,17,7.624465829,45.06264009,,,,,,,
1,858,0,7.630819582,45.06264009,,,,,,,
3,858,1,7.630819582,45.06264009,,,,,,,
1,858,7,7.630819582,45.06264009,,,,,,,
1,858,8,7.630819582,45.06264009,,,,,,,
1,858,9,7.630819582,45.06264009,,,,,,,
2,858,14,7.630819582,45.06264009,,,,,,,
1,858,15,7.630819582,45.06264009,,,,,,,
1,858,16,7.630819582,45.06264009,,,,,,,
3,858,21,7.630819582,45.06264009,,,,,,,
1,859,0,7.637173335,45.06264009,,,,,,,
1,859,1,7.637173335,45.06264009,,,,,,,
1,859,14,7.637173335,45.06264009,,,,,,,
1,859,16,7.637173335,45.06264009,,,,,,,
3,859,17,7.637173335,45.06264009,,,,,,,
2,859,19,7.637173335,45.06264009,,,,,,,
1,859,21,7.637173335,45.06264009,,,,,,,
1,860,0,7.643527088,45.06264009,,,,,,,
1,860,1,7.643527088,45.06264009,,,,,,,
1,860,4,7.643527088,45.06264009,,,,,,,
1,860,9,7.643527088,45.06264009,,,,,,,
1,860,17,7.643527088,45.06264009,,,,,,,
2,860,18,7.643527088,45.06264009,,,,,,,
3,860,19,7.643527088,45.06264009,,,,,,,
3,860,20,7.643527088,45.06264009,,,,,,,
2,860,21,7.643527088,45.06264009,,,,,,,
1,861,0,7.649880842,45.06264009,,,,,,,
2,861,1,7.649880842,45.06264009,,,,,,,
1,861,4,7.649880842,45.06264009,,,,,,,
1,861,5,7.649880842,45.06264009,,,,,,,
1,861,11,7.649880842,45.06264009,,,,,,,
1,861,15,7.649880842,45.06264009,,,,,,,
1,861,16,7.649880842,45.06264009,,,,,,,
5,861,19,7.649880842,45.06264009,,,,,,,
1,861,20,7.649880842,45.06264009,,,,,,,
6,861,21,7.649880842,45.06264009,,,,,,,
2,861,22,7.649880842,45.06264009,,,,,,,
2,862,0,7.656234595,45.06264009,,,,,,,
1,862,5,7.656234595,45.06264009,,,,,,,
2,862,7,7.656234595,45.06264009,,,,,,,
2,862,8,7.656234595,45.06264009,,,,,,,
3,862,10,7.656234595,45.06264009,,,,,,,
2,862,11,7.656234595,45.06264009,,,,,,,
2,862,12,7.656234595,45.06264009,,,,,,,
2,862,13,7.656234595,45.06264009,,,,,,,
1,862,14,7.656234595,45.06264009,,,,,,,
1,862,15,7.656234595,45.06264009,,,,,,,
4,862,19,7.656234595,45.06264009,,,,,,,
1,862,21,7.656234595,45.06264009,,,,,,,
2,862,22,7.656234595,45.06264009,,,,,,,
2,863,1,7.662588348,45.06264009,,,,,,,
1,863,6,7.662588348,45.06264009,,,,,,,
1,863,7,7.662588348,45.06264009,,,,,,,
2,863,8,7.662588348,45.06264009,,,,,,,
5,863,9,7.662588348,45.06264009,,,,,,,
7,863,10,7.662588348,45.06264009,,,,,,,
6,863,11,7.662588348,45.06264009,,,,,,,
8,863,12,7.662588348,45.06264009,,,,,,,
3,863,13,7.662588348,45.06264009,,,,,,,
2,863,14,7.662588348,45.06264009,,,,,,,
1,863,15,7.662588348,45.06264009,,,,,,,
2,863,17,7.662588348,45.06264009,,,,,,,
2,863,18,7.662588348,45.06264009,,,,,,,
1,863,21,7.662588348,45.06264009,,,,,,,
1,863,22,7.662588348,45.06264009,,,,,,,
2,863,23,7.662588348,45.06264009,,,,,,,
1,864,7,7.668942101,45.06264009,,,,,,,
2,864,8,7.668942101,45.06264009,,,,,,,
3,864,9,7.668942101,45.06264009,,,,,,,
6,864,10,7.668942101,45.06264009,,,,,,,
7,864,11,7.668942101,45.06264009,,,,,,,
8,864,12,7.668942101,45.06264009,,,,,,,
1,864,14,7.668942101,45.06264009,,,,,,,
1,864,15,7.668942101,45.06264009,,,,,,,
1,864,16,7.668942101,45.06264009,,,,,,,
2,864,17,7.668942101,45.06264009,,,,,,,
5,864,18,7.668942101,45.06264009,,,,,,,
1,864,19,7.668942101,45.06264009,,,,,,,
2,865,0,7.675295855,45.06264009,,,,,,,
1,865,5,7.675295855,45.06264009,,,,,,,
2,865,6,7.675295855,45.06264009,,,,,,,
1,865,7,7.675295855,45.06264009,,,,,,,
6,865,8,7.675295855,45.06264009,,,,,,,
7,865,9,7.675295855,45.06264009,,,,,,,
13,865,10,7.675295855,45.06264009,,,,,,,
16,865,11,7.675295855,45.06264009,,,,,,,
13,865,12,7.675295855,45.06264009,,,,,,,
4,865,13,7.675295855,45.06264009,,,,,,,
8,865,14,7.675295855,45.06264009,,,,,,,
6,865,15,7.675295855,45.06264009,,,,,,,
5,865,16,7.675295855,45.06264009,,,,,,,
8,865,17,7.675295855,45.06264009,,,,,,,
4,865,18,7.675295855,45.06264009,,,,,,,
1,865,19,7.675295855,45.06264009,,,,,,,
2,865,20,7.675295855,45.06264009,,,,,,,
1,865,21,7.675295855,45.06264009,,,,,,,
2,865,23,7.675295855,45.06264009,,,,,,,
1,866,7,7.681649608,45.06264009,,,,,,,
3,866,8,7.681649608,45.06264009,,,,,,,
2,866,9,7.681649608,45.06264009,,,,,,,
2,866,10,7.681649608,45.06264009,,,,,,,
4,866,11,7.681649608,45.06264009,,,,,,,
1,866,12,7.681649608,45.06264009,,,,,,,
8,866,13,7.681649608,45.06264009,,,,,,,
1,866,14,7.681649608,45.06264009,,,,,,,
2,866,15,7.681649608,45.06264009,,,,,,,
1,866,17,7.681649608,45.06264009,,,,,,,
3,866,18,7.681649608,45.06264009,,,,,,,
6,866,19,7.681649608,45.06264009,,,,,,,
2,866,20,7.681649608,45.06264009,,,,,,,
1,867,6,7.688003361,45.06264009,,,,,,,
3,867,7,7.688003361,45.06264009,,,,,,,
4,867,8,7.688003361,45.06264009,,,,,,,
3,867,9,7.688003361,45.06264009,,,,,,,
2,867,10,7.688003361,45.06264009,,,,,,,
2,867,11,7.688003361,45.06264009,,,,,,,
3,867,12,7.688003361,45.06264009,,,,,,,
5,867,13,7.688003361,45.06264009,,,,,,,
4,867,14,7.688003361,45.06264009,,,,,,,
2,867,15,7.688003361,45.06264009,,,,,,,
3,867,16,7.688003361,45.06264009,,,,,,,
2,867,17,7.688003361,45.06264009,,,,,,,
1,867,19,7.688003361,45.06264009,,,,,,,
1,867,20,7.688003361,45.06264009,,,,,,,
1,867,22,7.688003361,45.06264009,,,,,,,
1,868,0,7.694357114,45.06264009,,,,,,,
2,868,1,7.694357114,45.06264009,,,,,,,
2,868,5,7.694357114,45.06264009,,,,,,,
1,868,7,7.694357114,45.06264009,,,,,,,
3,868,8,7.694357114,45.06264009,,,,,,,
4,868,9,7.694357114,45.06264009,,,,,,,
1,868,10,7.694357114,45.06264009,,,,,,,
1,868,11,7.694357114,45.06264009,,,,,,,
2,868,12,7.694357114,45.06264009,,,,,,,
1,868,13,7.694357114,45.06264009,,,,,,,
2,868,14,7.694357114,45.06264009,,,,,,,
3,868,15,7.694357114,45.06264009,,,,,,,
4,868,16,7.694357114,45.06264009,,,,,,,
1,868,17,7.694357114,45.06264009,,,,,,,
2,868,18,7.694357114,45.06264009,,,,,,,
1,868,19,7.694357114,45.06264009,,,,,,,
4,868,20,7.694357114,45.06264009,,,,,,,
2,868,21,7.694357114,45.06264009,,,,,,,
1,868,22,7.694357114,45.06264009,,,,,,,
1,868,23,7.694357114,45.06264009,,,,,,,
3,869,10,7.700710868,45.06264009,,,,,,,
1,869,11,7.700710868,45.06264009,,,,,,,
2,869,12,7.700710868,45.06264009,,,,,,,
1,869,13,7.700710868,45.06264009,,,,,,,
1,869,16,7.700710868,45.06264009,,,,,,,
1,869,17,7.700710868,45.06264009,,,,,,,
3,869,18,7.700710868,45.06264009,,,,,,,
1,869,19,7.700710868,45.06264009,,,,,,,
1,869,21,7.700710868,45.06264009,,,,,,,
1,870,0,7.707064621,45.06264009,,,,,,,
1,870,3,7.707064621,45.06264009,,,,,,,
1,870,8,7.707064621,45.06264009,,,,,,,
1,870,10,7.707064621,45.06264009,,,,,,,
1,870,11,7.707064621,45.06264009,,,,,,,
2,870,13,7.707064621,45.06264009,,,,,,,
1,870,17,7.707064621,45.06264009,,,,,,,
1,870,18,7.707064621,45.06264009,,,,,,,
1,870,20,7.707064621,45.06264009,,,,,,,
1,870,21,7.707064621,45.06264009,,,,,,,
1,871,0,7.713418374,45.06264009,,,,,,,
3,871,1,7.713418374,45.06264009,,,,,,,
2,871,5,7.713418374,45.06264009,,,,,,,
2,871,6,7.713418374,45.06264009,,,,,,,
1,871,8,7.713418374,45.06264009,,,,,,,
3,871,10,7.713418374,45.06264009,,,,,,,
3,871,11,7.713418374,45.06264009,,,,,,,
4,871,12,7.713418374,45.06264009,,,,,,,
1,871,13,7.713418374,45.06264009,,,,,,,
2,871,17,7.713418374,45.06264009,,,,,,,
3,871,18,7.713418374,45.06264009,,,,,,,
1,871,19,7.713418374,45.06264009,,,,,,,
1,872,0,7.719772127,45.06264009,,,,,,,
1,872,4,7.719772127,45.06264009,,,,,,,
1,872,9,7.719772127,45.06264009,,,,,,,
2,872,10,7.719772127,45.06264009,,,,,,,
2,872,11,7.719772127,45.06264009,,,,,,,
3,872,12,7.719772127,45.06264009,,,,,,,
1,872,15,7.719772127,45.06264009,,,,,,,
2,872,16,7.719772127,45.06264009,,,,,,,
1,872,18,7.719772127,45.06264009,,,,,,,
1,872,19,7.719772127,45.06264009,,,,,,,
1,872,21,7.719772127,45.06264009,,,,,,,
1,895,3,7.611758322,45.06713529,,,,,,,
1,895,6,7.611758322,45.06713529,,,,,,,
2,895,7,7.611758322,45.06713529,,,,,,,
1,895,8,7.611758322,45.06713529,,,,,,,
1,895,9,7.611758322,45.06713529,,,,,,,
3,895,10,7.611758322,45.06713529,,,,,,,
2,895,11,7.611758322,45.06713529,,,,,,,
2,895,12,7.611758322,45.06713529,,,,,,,
2,895,14,7.611758322,45.06713529,,,,,,,
1,895,16,7.611758322,45.06713529,,,,,,,
2,895,17,7.611758322,45.06713529,,,,,,,
1,895,23,7.611758322,45.06713529,,,,,,,
1,896,2,7.618112075,45.06713529,,,,,,,
1,896,11,7.618112075,45.06713529,,,,,,,
1,896,12,7.618112075,45.06713529,,,,,,,
1,896,14,7.618112075,45.06713529,,,,,,,
2,896,18,7.618112075,45.06713529,,,,,,,
1,896,20,7.618112075,45.06713529,,,,,,,
1,896,21,7.618112075,45.06713529,,,,,,,
3,897,2,7.624465829,45.06713529,,,,,,,
1,897,8,7.624465829,45.06713529,,,,,,,
1,897,10,7.624465829,45.06713529,,,,,,,
1,897,11,7.624465829,45.06713529,,,,,,,
3,897,12,7.624465829,45.06713529,,,,,,,
1,897,13,7.624465829,45.06713529,,,,,,,
1,897,15,7.624465829,45.06713529,,,,,,,
2,897,16,7.624465829,45.06713529,,,,,,,
1,897,17,7.624465829,45.06713529,,,,,,,
1,897,19,7.624465829,45.06713529,,,,,,,
1,898,2,7.630819582,45.06713529,,,,,,,
1,898,8,7.630819582,45.06713529,,,,,,,
1,898,10,7.630819582,45.06713529,,,,,,,
1,898,14,7.630819582,45.06713529,,,,,,,
1,898,17,7.630819582,45.06713529,,,,,,,
1,898,18,7.630819582,45.06713529,,,,,,,
1,898,20,7.630819582,45.06713529,,,,,,,
2,899,0,7.637173335,45.06713529,,,,,,,
1,899,5,7.637173335,45.06713529,,,,,,,
1,899,7,7.637173335,45.06713529,,,,,,,
1,899,9,7.637173335,45.06713529,,,,,,,
3,899,10,7.637173335,45.06713529,,,,,,,
3,899,11,7.637173335,45.06713529,,,,,,,
1,899,12,7.637173335,45.06713529,,,,,,,
1,899,14,7.637173335,45.06713529,,,,,,,
2,899,17,7.637173335,45.06713529,,,,,,,
1,899,18,7.637173335,45.06713529,,,,,,,
1,899,21,7.637173335,45.06713529,,,,,,,
2,900,0,7.643527088,45.06713529,,,,,,,
1,900,2,7.643527088,45.06713529,,,,,,,
1,900,8,7.643527088,45.06713529,,,,,,,
1,900,9,7.643527088,45.06713529,,,,,,,
1,900,10,7.643527088,45.06713529,,,,,,,
1,900,11,7.643527088,45.06713529,,,,,,,
1,900,12,7.643527088,45.06713529,,,,,,,
1,900,18,7.643527088,45.06713529,,,,,,,
2,900,19,7.643527088,45.06713529,,,,,,,
1,900,22,7.643527088,45.06713529,,,,,,,
1,901,0,7.649880842,45.06713529,,,,,,,
1,901,4,7.649880842,45.06713529,,,,,,,
1,901,7,7.649880842,45.06713529,,,,,,,
2,901,9,7.649880842,45.06713529,,,,,,,
3,901,10,7.649880842,45.06713529,,,,,,,
1,901,12,7.649880842,45.06713529,,,,,,,
2,901,13,7.649880842,45.06713529,,,,,,,
2,901,17,7.649880842,45.06713529,,,,,,,
2,901,19,7.649880842,45.06713529,,,,,,,
1,902,5,7.656234595,45.06713529,,,,,,,
1,902,8,7.656234595,45.06713529,,,,,,,
3,902,9,7.656234595,45.06713529,,,,,,,
6,902,10,7.656234595,45.06713529,,,,,,,
2,902,11,7.656234595,45.06713529,,,,,,,
2,902,12,7.656234595,45.06713529,,,,,,,
1,902,13,7.656234595,45.06713529,,,,,,,
2,902,14,7.656234595,45.06713529,,,,,,,
1,902,16,7.656234595,45.06713529,,,,,,,
4,902,17,7.656234595,45.06713529,,,,,,,
5,902,18,7.656234595,45.06713529,,,,,,,
1,902,20,7.656234595,45.06713529,,,,,,,
2,902,21,7.656234595,45.06713529,,,,,,,
1,902,23,7.656234595,45.06713529,,,,,,,
4,903,5,7.662588348,45.06713529,,,,,,,
6,903,7,7.662588348,45.06713529,,,,,,,
8,903,8,7.662588348,45.06713529,,,,,,,
7,903,9,7.662588348,45.06713529,,,,,,,
12,903,10,7.662588348,45.06713529,,,,,,,
11,903,11,7.662588348,45.06713529,,,,,,,
8,903,12,7.662588348,45.06713529,,,,,,,
2,903,13,7.662588348,45.06713529,,,,,,,
4,903,14,7.662588348,45.06713529,,,,,,,
5,903,15,7.662588348,45.06713529,,,,,,,
2,903,16,7.662588348,45.06713529,,,,,,,
2,903,17,7.662588348,45.06713529,,,,,,,
4,903,18,7.662588348,45.06713529,,,,,,,
1,903,19,7.662588348,45.06713529,,,,,,,
1,903,20,7.662588348,45.06713529,,,,,,,
3,903,21,7.662588348,45.06713529,,,,,,,
4,904,6,7.668942101,45.06713529,,,,,,,
3,904,7,7.668942101,45.06713529,,,,,,,
4,904,8,7.668942101,45.06713529,,,,,,,
7,904,9,7.668942101,45.06713529,,,,,,,
11,904,10,7.668942101,45.06713529,,,,,,,
16,904,11,7.668942101,45.06713529,,,,,,,
14,904,12,7.668942101,45.06713529,,,,,,,
1,904,13,7.668942101,45.06713529,,,,,,,
5,904,14,7.668942101,45.06713529,,,,,,,
3,904,15,7.668942101,45.06713529,,,,,,,
7,904,16,7.668942101,45.06713529,,,,,,,
4,904,17,7.668942101,45.06713529,,,,,,,
5,904,18,7.668942101,45.06713529,,,,,,,
5,904,21,7.668942101,45.06713529,,,,,,,
4,905,0,7.675295855,45.06713529,,,,,,,
1,905,1,7.675295855,45.06713529,,,,,,,
3,905,7,7.675295855,45.06713529,,,,,,,
14,905,8,7.675295855,45.06713529,,,,,,,
10,905,9,7.675295855,45.06713529,,,,,,,
19,905,10,7.675295855,45.06713529,,,,,,,
17,905,11,7.675295855,45.06713529,,,,,,,
22,905,12,7.675295855,45.06713529,,,,,,,
4,905,13,7.675295855,45.06713529,,,,,,,
2,905,14,7.675295855,45.06713529,,,,,,,
4,905,16,7.675295855,45.06713529,,,,,,,
1,905,17,7.675295855,45.06713529,,,,,,,
2,905,19,7.675295855,45.06713529,,,,,,,
2,905,22,7.675295855,45.06713529,,,,,,,
2,906,0,7.681649608,45.06713529,,,,,,,
2,906,7,7.681649608,45.06713529,,,,,,,
1,906,8,7.681649608,45.06713529,,,,,,,
3,906,9,7.681649608,45.06713529,,,,,,,
1,906,10,7.681649608,45.06713529,,,,,,,
2,906,11,7.681649608,45.06713529,,,,,,,
2,906,12,7.681649608,45.06713529,,,,,,,
3,906,13,7.681649608,45.06713529,,,,,,,
1,906,15,7.681649608,45.06713529,,,,,,,
2,906,16,7.681649608,45.06713529,,,,,,,
2,906,18,7.681649608,45.06713529,,,,,,,
3,906,20,7.681649608,45.06713529,,,,,,,
3,906,21,7.681649608,45.06713529,,,,,,,
4,906,22,7.681649608,45.06713529,,,,,,,
1,906,23,7.681649608,45.06713529,,,,,,,
1,907,8,7.688003361,45.06713529,,,,,,,
1,907,9,7.688003361,45.06713529,,,,,,,
3,907,12,7.688003361,45.06713529,,,,,,,
1,907,13,7.688003361,45.06713529,,,,,,,
1,907,15,7.688003361,45.06713529,,,,,,,
2,907,16,7.688003361,45.06713529,,,,,,,
1,907,18,7.688003361,45.06713529,,,,,,,
1,907,21,7.688003361,45.06713529,,,,,,,
1,907,23,7.688003361,45.06713529,,,,,,,
6,908,0,7.694357114,45.06713529,,,,,,,
1,908,1,7.694357114,45.06713529,,,,,,,
3,908,10,7.694357114,45.06713529,,,,,,,
1,908,11,7.694357114,45.06713529,,,,,,,
2,908,15,7.694357114,45.06713529,,,,,,,
2,908,16,7.694357114,45.06713529,,,,,,,
2,908,17,7.694357114,45.06713529,,,,,,,
3,908,19,7.694357114,45.06713529,,,,,,,
1,908,21,7.694357114,45.06713529,,,,,,,
2,908,22,7.694357114,45.06713529,,,,,,,
2,908,23,7.694357114,45.06713529,,,,,,,
1,909,0,7.700710868,45.06713529,,,,,,,
1,909,1,7.700710868,45.06713529,,,,,,,
1,909,10,7.700710868,45.06713529,,,,,,,
1,909,11,7.700710868,45.06713529,,,,,,,
1,909,12,7.700710868,45.06713529,,,,,,,
4,909,13,7.700710868,45.06713529,,,,,,,
1,909,14,7.700710868,45.06713529,,,,,,,
1,909,15,7.700710868,45.06713529,,,,,,,
2,909,17,7.700710868,45.06713529,,,,,,,
1,909,18,7.700710868,45.06713529,,,,,,,
3,909,19,7.700710868,45.06713529,,,,,,,
4,909,21,7.700710868,45.06713529,,,,,,,
2,909,22,7.700710868,45.06713529,,,,,,,
1,910,2,7.707064621,45.06713529,,,,,,,
1,910,3,7.707064621,45.06713529,,,,,,,
1,910,4,7.707064621,45.06713529,,,,,,,
1,910,9,7.707064621,45.06713529,,,,,,,
2,910,10,7.707064621,45.06713529,,,,,,,
2,910,11,7.707064621,45.06713529,,,,,,,
1,910,13,7.707064621,45.06713529,,,,,,,
1,910,14,7.707064621,45.06713529,,,,,,,
1,910,17,7.707064621,45.06713529,,,,,,,
1,910,18,7.707064621,45.06713529,,,,,,,
2,910,20,7.707064621,45.06713529,,,,,,,
5,910,21,7.707064621,45.06713529,,,,,,,
2,911,1,7.713418374,45.06713529,,,,,,,
2,911,2,7.713418374,45.06713529,,,,,,,
1,911,4,7.713418374,45.06713529,,,,,,,
2,911,8,7.713418374,45.06713529,,,,,,,
1,911,10,7.713418374,45.06713529,,,,,,,
1,911,11,7.713418374,45.06713529,,,,,,,
2,911,14,7.713418374,45.06713529,,,,,,,
2,911,18,7.713418374,45.06713529,,,,,,,
2,911,21,7.713418374,45.06713529,,,,,,,
1,911,22,7.713418374,45.06713529,,,,,,,
1,912,0,7.719772127,45.06713529,,,,,,,
2,912,8,7.719772127,45.06713529,,,,,,,
1,912,10,7.719772127,45.06713529,,,,,,,
1,912,11,7.719772127,45.06713529,,,,,,,
1,912,12,7.719772127,45.06713529,,,,,,,
1,912,13,7.719772127,45.06713529,,,,,,,
1,913,13,7.726125881,45.06713529,,,,,,,
1,913,16,7.726125881,45.06713529,,,,,,,
2,913,18,7.726125881,45.06713529,,,,,,,
1,913,20,7.726125881,45.06713529,,,,,,,
1,913,21,7.726125881,45.06713529,,,,,,,
2,934,0,7.605404569,45.07163048,,,,,,,
2,934,11,7.605404569,45.07163048,,,,,,,
1,934,12,7.605404569,45.07163048,,,,,,,
1,934,23,7.605404569,45.07163048,,,,,,,
1,935,8,7.611758322,45.07163048,,,,,,,
2,935,13,7.611758322,45.07163048,,,,,,,
1,935,15,7.611758322,45.07163048,,,,,,,
1,935,17,7.611758322,45.07163048,,,,,,,
1,935,21,7.611758322,45.07163048,,,,,,,
1,936,5,7.618112075,45.07163048,,,,,,,
1,936,7,7.618112075,45.07163048,,,,,,,
3,936,8,7.618112075,45.07163048,,,,,,,
4,936,10,7.618112075,45.07163048,,,,,,,
4,936,11,7.618112075,45.07163048,,,,,,,
4,936,12,7.618112075,45.07163048,,,,,,,
3,936,14,7.618112075,45.07163048,,,,,,,
3,936,16,7.618112075,45.07163048,,,,,,,
1,936,23,7.618112075,45.07163048,,,,,,,
1,937,0,7.624465829,45.07163048,,,,,,,
1,937,4,7.624465829,45.07163048,,,,,,,
2,937,9,7.624465829,45.07163048,,,,,,,
3,937,10,7.624465829,45.07163048,,,,,,,
3,937,11,7.624465829,45.07163048,,,,,,,
5,937,12,7.624465829,45.07163048,,,,,,,
1,937,14,7.624465829,45.07163048,,,,,,,
1,937,16,7.624465829,45.07163048,,,,,,,
1,937,17,7.624465829,45.07163048,,,,,,,
2,937,18,7.624465829,45.07163048,,,,,,,
2,937,19,7.624465829,45.07163048,,,,,,,
1,937,20,7.624465829,45.07163048,,,,,,,
1,938,1,7.630819582,45.07163048,,,,,,,
1,938,8,7.630819582,45.07163048,,,,,,,
2,938,9,7.630819582,45.07163048,,,,,,,
2,938,10,7.630819582,45.07163048,,,,,,,
3,938,11,7.630819582,45.07163048,,,,,,,
3,938,12,7.630819582,45.07163048,,,,,,,
1,938,20,7.630819582,45.07163048,,,,,,,
2,939,3,7.637173335,45.07163048,,,,,,,
1,939,7,7.637173335,45.07163048,,,,,,,
1,939,8,7.637173335,45.07163048,,,,,,,
1,939,9,7.637173335,45.07163048,,,,,,,
1,939,15,7.637173335,45.07163048,,,,,,,
3,939,16,7.637173335,45.07163048,,,,,,,
1,939,19,7.637173335,45.07163048,,,,,,,
1,940,4,7.643527088,45.07163048,,,,,,,
2,940,7,7.643527088,45.07163048,,,,,,,
2,940,9,7.643527088,45.07163048,,,,,,,
5,940,10,7.643527088,45.07163048,,,,,,,
3,940,11,7.643527088,45.07163048,,,,,,,
1,940,12,7.643527088,45.07163048,,,,,,,
3,940,13,7.643527088,45.07163048,,,,,,,
1,940,14,7.643527088,45.07163048,,,,,,,
1,940,15,7.643527088,45.07163048,,,,,,,
1,940,18,7.643527088,45.07163048,,,,,,,
5,940,19,7.643527088,45.07163048,,,,,,,
1,940,20,7.643527088,45.07163048,,,,,,,
3,940,21,7.643527088,45.07163048,,,,,,,
1,941,0,7.649880842,45.07163048,,,,,,,
2,941,1,7.649880842,45.07163048,,,,,,,
2,941,7,7.649880842,45.07163048,,,,,,,
2,941,9,7.649880842,45.07163048,,,,,,,
3,941,10,7.649880842,45.07163048,,,,,,,
3,941,11,7.649880842,45.07163048,,,,,,,
2,941,12,7.649880842,45.07163048,,,,,,,
2,941,15,7.649880842,45.07163048,,,,,,,
1,941,16,7.649880842,45.07163048,,,,,,,
2,941,18,7.649880842,45.07163048,,,,,,,
1,941,19,7.649880842,45.07163048,,,,,,,
3,941,21,7.649880842,45.07163048,,,,,,,
2,942,8,7.656234595,45.07163048,,,,,,,
1,942,9,7.656234595,45.07163048,,,,,,,
1,942,10,7.656234595,45.07163048,,,,,,,
1,942,11,7.656234595,45.07163048,,,,,,,
4,942,12,7.656234595,45.07163048,,,,,,,
2,942,13,7.656234595,45.07163048,,,,,,,
1,942,14,7.656234595,45.07163048,,,,,,,
1,942,15,7.656234595,45.07163048,,,,,,,
3,942,16,7.656234595,45.07163048,,,,,,,
3,942,17,7.656234595,45.07163048,,,,,,,
4,942,18,7.656234595,45.07163048,,,,,,,
4,942,19,7.656234595,45.07163048,,,,,,,
2,942,20,7.656234595,45.07163048,,,,,,,
10,942,21,7.656234595,45.07163048,,,,,,,
2,943,0,7.662588348,45.07163048,,,,,,,
1,943,8,7.662588348,45.07163048,,,,,,,
1,943,9,7.662588348,45.07163048,,,,,,,
1,943,10,7.662588348,45.07163048,,,,,,,
1,943,11,7.662588348,45.07163048,,,,,,,
5,943,12,7.662588348,45.07163048,,,,,,,
1,943,13,7.662588348,45.07163048,,,,,,,
3,943,14,7.662588348,45.07163048,,,,,,,
2,943,15,7.662588348,45.07163048,,,,,,,
1,943,16,7.662588348,45.07163048,,,,,,,
2,943,17,7.662588348,45.07163048,,,,,,,
2,943,18,7.662588348,45.07163048,,,,,,,
6,943,20,7.662588348,45.07163048,,,,,,,
3,943,21,7.662588348,45.07163048,,,,,,,
1,943,22,7.662588348,45.07163048,,,,,,,
2,943,23,7.662588348,45.07163048,,,,,,,
1,944,0,7.668942101,45.07163048,,,,,,,
1,944,4,7.668942101,45.07163048,,,,,,,
2,944,6,7.668942101,45.07163048,,,,,,,
5,944,7,7.668942101,45.07163048,,,,,,,
5,944,8,7.668942101,45.07163048,,,,,,,
4,944,9,7.668942101,45.07163048,,,,,,,
4,944,10,7.668942101,45.07163048,,,,,,,
6,944,11,7.668942101,45.07163048,,,,,,,
8,944,12,7.668942101,45.07163048,,,,,,,
4,944,13,7.668942101,45.07163048,,,,,,,
2,944,14,7.668942101,45.07163048,,,,,,,
1,944,15,7.668942101,45.07163048,,,,,,,
4,944,16,7.668942101,45.07163048,,,,,,,
2,944,17,7.668942101,45.07163048,,,,,,,
2,944,18,7.668942101,45.07163048,,,,,,,
2,944,19,7.668942101,45.07163048,,,,,,,
1,944,20,7.668942101,45.07163048,,,,,,,
1,944,21,7.668942101,45.07163048,,,,,,,
3,945,0,7.675295855,45.07163048,,,,,,,
3,945,1,7.675295855,45.07163048,,,,,,,
1,945,2,7.675295855,45.07163048,,,,,,,
1,945,3,7.675295855,45.07163048,,,,,,,
5,945,7,7.675295855,45.07163048,,,,,,,
4,945,8,7.675295855,45.07163048,,,,,,,
7,945,9,7.675295855,45.07163048,,,,,,,
14,945,10,7.675295855,45.07163048,,,,,,,
7,945,11,7.675295855,45.07163048,,,,,,,
11,945,12,7.675295855,45.07163048,,,,,,,
4,945,13,7.675295855,45.07163048,,,,,,,
3,945,14,7.675295855,45.07163048,,,,,,,
3,945,15,7.675295855,45.07163048,,,,,,,
1,945,16,7.675295855,45.07163048,,,,,,,
1,945,19,7.675295855,45.07163048,,,,,,,
5,945,20,7.675295855,45.07163048,,,,,,,
4,945,21,7.675295855,45.07163048,,,,,,,
3,945,22,7.675295855,45.07163048,,,,,,,
3,945,23,7.675295855,45.07163048,,,,,,,
1,946,2,7.681649608,45.07163048,,,,,,,
1,946,8,7.681649608,45.07163048,,,,,,,
2,946,11,7.681649608,45.07163048,,,,,,,
1,946,14,7.681649608,45.07163048,,,,,,,
1,946,18,7.681649608,45.07163048,,,,,,,
3,946,20,7.681649608,45.07163048,,,,,,,
1,947,2,7.688003361,45.07163048,,,,,,,
1,947,9,7.688003361,45.07163048,,,,,,,
3,947,10,7.688003361,45.07163048,,,,,,,
1,947,11,7.688003361,45.07163048,,,,,,,
1,947,17,7.688003361,45.07163048,,,,,,,
2,948,0,7.694357114,45.07163048,,,,,,,
1,948,1,7.694357114,45.07163048,,,,,,,
1,948,2,7.694357114,45.07163048,,,,,,,
1,948,4,7.694357114,45.07163048,,,,,,,
1,948,6,7.694357114,45.07163048,,,,,,,
1,948,7,7.694357114,45.07163048,,,,,,,
1,948,8,7.694357114,45.07163048,,,,,,,
1,948,10,7.694357114,45.07163048,,,,,,,
1,948,11,7.694357114,45.07163048,,,,,,,
3,948,12,7.694357114,45.07163048,,,,,,,
3,948,13,7.694357114,45.07163048,,,,,,,
2,948,15,7.694357114,45.07163048,,,,,,,
1,948,16,7.694357114,45.07163048,,,,,,,
3,948,17,7.694357114,45.07163048,,,,,,,
3,948,18,7.694357114,45.07163048,,,,,,,
1,948,19,7.694357114,45.07163048,,,,,,,
2,948,20,7.694357114,45.07163048,,,,,,,
8,948,21,7.694357114,45.07163048,,,,,,,
1,949,0,7.700710868,45.07163048,,,,,,,
1,949,9,7.700710868,45.07163048,,,,,,,
2,949,13,7.700710868,45.07163048,,,,,,,
1,949,15,7.700710868,45.07163048,,,,,,,
1,949,16,7.700710868,45.07163048,,,,,,,
2,949,18,7.700710868,45.07163048,,,,,,,
3,949,19,7.700710868,45.07163048,,,,,,,
2,949,21,7.700710868,45.07163048,,,,,,,
1,949,22,7.700710868,45.07163048,,,,,,,
1,950,9,7.707064621,45.07163048,,,,,,,
1,950,10,7.707064621,45.07163048,,,,,,,
1,950,11,7.707064621,45.07163048,,,,,,,
1,950,13,7.707064621,45.07163048,,,,,,,
1,950,15,7.707064621,45.07163048,,,,,,,
1,950,18,7.707064621,45.07163048,,,,,,,
1,950,21,7.707064621,45.07163048,,,,,,,
3,951,0,7.713418374,45.07163048,,,,,,,
1,951,2,7.713418374,45.07163048,,,,,,,
2,951,7,7.713418374,45.07163048,,,,,,,
2,951,8,7.713418374,45.07163048,,,,,,,
1,951,10,7.713418374,45.07163048,,,,,,,
2,951,17,7.713418374,45.07163048,,,,,,,
2,951,18,7.713418374,45.07163048,,,,,,,
2,952,12,7.719772127,45.07163048,,,,,,,
1,952,15,7.719772127,45.07163048,,,,,,,
1,952,17,7.719772127,45.07163048,,,,,,,
1,953,1,7.726125881,45.07163048,,,,,,,
1,953,3,7.726125881,45.07163048,,,,,,,
1,953,8,7.726125881,45.07163048,,,,,,,
1,953,10,7.726125881,45.07163048,,,,,,,
1,953,11,7.726125881,45.07163048,,,,,,,
1,953,12,7.726125881,45.07163048,,,,,,,
1,953,17,7.726125881,45.07163048,,,,,,,
1,953,20,7.726125881,45.07163048,,,,,,,
2,953,21,7.726125881,45.07163048,,,,,,,
2,976,1,7.618112075,45.07612568,,,,,,,
1,976,2,7.618112075,45.07612568,,,,,,,
1,976,7,7.618112075,45.07612568,,,,,,,
1,976,8,7.618112075,45.07612568,,,,,,,
3,976,10,7.618112075,45.07612568,,,,,,,
2,976,11,7.618112075,45.07612568,,,,,,,
1,976,12,7.618112075,45.07612568,,,,,,,
1,976,14,7.618112075,45.07612568,,,,,,,
2,976,16,7.618112075,45.07612568,,,,,,,
1,976,17,7.618112075,45.07612568,,,,,,,
1,976,18,7.618112075,45.07612568,,,,,,,
1,977,3,7.624465829,45.07612568,,,,,,,
2,977,8,7.624465829,45.07612568,,,,,,,
1,977,9,7.624465829,45.07612568,,,,,,,
1,977,10,7.624465829,45.07612568,,,,,,,
1,977,11,7.624465829,45.07612568,,,,,,,
1,977,12,7.624465829,45.07612568,,,,,,,
1,977,13,7.624465829,45.07612568,,,,,,,
3,977,14,7.624465829,45.07612568,,,,,,,
2,977,16,7.624465829,45.07612568,,,,,,,
1,977,17,7.624465829,45.07612568,,,,,,,
1,977,18,7.624465829,45.07612568,,,,,,,
2,977,20,7.624465829,45.07612568,,,,,,,
1,978,9,7.630819582,45.07612568,,,,,,,
2,978,10,7.630819582,45.07612568,,,,,,,
1,978,11,7.630819582,45.07612568,,,,,,,
2,978,12,7.630819582,45.07612568,,,,,,,
1,978,13,7.630819582,45.07612568,,,,,,,
2,978,16,7.630819582,45.07612568,,,,,,,
1,978,18,7.630819582,45.07612568,,,,,,,
1,978,19,7.630819582,45.07612568,,,,,,,
1,978,20,7.630819582,45.07612568,,,,,,,
1,978,23,7.630819582,45.07612568,,,,,,,
1,979,3,7.637173335,45.07612568,,,,,,,
1,979,15,7.637173335,45.07612568,,,,,,,
1,979,17,7.637173335,45.07612568,,,,,,,
1,979,18,7.637173335,45.07612568,,,,,,,
1,979,20,7.637173335,45.07612568,,,,,,,
1,980,5,7.643527088,45.07612568,,,,,,,
2,980,8,7.643527088,45.07612568,,,,,,,
2,980,9,7.643527088,45.07612568,,,,,,,
1,980,10,7.643527088,45.07612568,,,,,,,
1,980,11,7.643527088,45.07612568,,,,,,,
3,980,12,7.643527088,45.07612568,,,,,,,
1,980,13,7.643527088,45.07612568,,,,,,,
2,980,18,7.643527088,45.07612568,,,,,,,
1,980,20,7.643527088,45.07612568,,,,,,,
1,980,22,7.643527088,45.07612568,,,,,,,
1,981,10,7.649880842,45.07612568,,,,,,,
2,981,11,7.649880842,45.07612568,,,,,,,
2,981,14,7.649880842,45.07612568,,,,,,,
1,981,15,7.649880842,45.07612568,,,,,,,
1,981,16,7.649880842,45.07612568,,,,,,,
1,981,17,7.649880842,45.07612568,,,,,,,
2,981,18,7.649880842,45.07612568,,,,,,,
1,981,20,7.649880842,45.07612568,,,,,,,
1,981,21,7.649880842,45.07612568,,,,,,,
1,982,8,7.656234595,45.07612568,,,,,,,
2,982,9,7.656234595,45.07612568,,,,,,,
3,982,10,7.656234595,45.07612568,,,,,,,
1,982,11,7.656234595,45.07612568,,,,,,,
3,982,12,7.656234595,45.07612568,,,,,,,
1,982,13,7.656234595,45.07612568,,,,,,,
1,982,16,7.656234595,45.07612568,,,,,,,
1,982,17,7.656234595,45.07612568,,,,,,,
1,982,19,7.656234595,45.07612568,,,,,,,
1,982,21,7.656234595,45.07612568,,,,,,,
1,982,22,7.656234595,45.07612568,,,,,,,
1,983,9,7.662588348,45.07612568,,,,,,,
2,983,10,7.662588348,45.07612568,,,,,,,
1,983,11,7.662588348,45.07612568,,,,,,,
1,983,12,7.662588348,45.07612568,,,,,,,
1,983,13,7.662588348,45.07612568,,,,,,,
1,983,14,7.662588348,45.07612568,,,,,,,
1,983,15,7.662588348,45.07612568,,,,,,,
1,983,16,7.662588348,45.07612568,,,,,,,
1,983,17,7.662588348,45.07612568,,,,,,,
2,983,18,7.662588348,45.07612568,,,,,,,
5,983,19,7.662588348,45.07612568,,,,,,,
1,983,20,7.662588348,45.07612568,,,,,,,
2,983,22,7.662588348,45.07612568,,,,,,,
1,983,23,7.662588348,45.07612568,,,,,,,
2,984,0,7.668942101,45.07612568,,,,,,,
1,984,1,7.668942101,45.07612568,,,,,,,
1,984,2,7.668942101,45.07612568,,,,,,,
2,984,7,7.668942101,45.07612568,,,,,,,
1,984,9,7.668942101,45.07612568,,,,,,,
1,984,10,7.668942101,45.07612568,,,,,,,
2,984,12,7.668942101,45.07612568,,,,,,,
1,984,16,7.668942101,45.07612568,,,,,,,
3,984,17,7.668942101,45.07612568,,,,,,,
1,984,18,7.668942101,45.07612568,,,,,,,
1,984,19,7.668942101,45.07612568,,,,,,,
2,984,20,7.668942101,45.07612568,,,,,,,
4,984,21,7.668942101,45.07612568,,,,,,,
1,985,0,7.675295855,45.07612568,,,,,,,
1,985,1,7.675295855,45.07612568,,,,,,,
1,985,3,7.675295855,45.07612568,,,,,,,
2,985,9,7.675295855,45.07612568,,,,,,,
2,985,10,7.675295855,45.07612568,,,,,,,
3,985,11,7.675295855,45.07612568,,,,,,,
3,985,12,7.675295855,45.07612568,,,,,,,
1,985,13,7.675295855,45.07612568,,,,,,,
2,985,14,7.675295855,45.07612568,,,,,,,
1,985,15,7.675295855,45.07612568,,,,,,,
2,985,16,7.675295855,45.07612568,,,,,,,
2,985,18,7.675295855,45.07612568,,,,,,,
3,985,20,7.675295855,45.07612568,,,,,,,
1,985,21,7.675295855,45.07612568,,,,,,,
1,985,22,7.675295855,45.07612568,,,,,,,
1,985,23,7.675295855,45.07612568,,,,,,,
1,986,6,7.681649608,45.07612568,,,,,,,
2,986,7,7.681649608,45.07612568,,,,,,,
1,986,8,7.681649608,45.07612568,,,,,,,
1,986,10,7.681649608,45.07612568,,,,,,,
1,986,11,7.681649608,45.07612568,,,,,,,
2,986,13,7.681649608,45.07612568,,,,,,,
2,986,15,7.681649608,45.07612568,,,,,,,
1,986,16,7.681649608,45.07612568,,,,,,,
1,986,17,7.681649608,45.07612568,,,,,,,
1,986,18,7.681649608,45.07612568,,,,,,,
3,986,20,7.681649608,45.07612568,,,,,,,
1,987,0,7.688003361,45.07612568,,,,,,,
1,987,3,7.688003361,45.07612568,,,,,,,
1,987,7,7.688003361,45.07612568,,,,,,,
1,987,10,7.688003361,45.07612568,,,,,,,
2,987,11,7.688003361,45.07612568,,,,,,,
4,987,12,7.688003361,45.07612568,,,,,,,
1,987,13,7.688003361,45.07612568,,,,,,,
1,987,14,7.688003361,45.07612568,,,,,,,
1,987,16,7.688003361,45.07612568,,,,,,,
1,987,17,7.688003361,45.07612568,,,,,,,
2,987,18,7.688003361,45.07612568,,,,,,,
1,987,20,7.688003361,45.07612568,,,,,,,
1,987,21,7.688003361,45.07612568,,,,,,,
1,987,22,7.688003361,45.07612568,,,,,,,
1,988,0,7.694357114,45.07612568,,,,,,,
1,988,10,7.694357114,45.07612568,,,,,,,
1,988,11,7.694357114,45.07612568,,,,,,,
1,988,17,7.694357114,45.07612568,,,,,,,
1,988,19,7.694357114,45.07612568,,,,,,,
2,988,20,7.694357114,45.07612568,,,,,,,
5,989,9,7.700710868,45.07612568,,,,,,,
3,989,10,7.700710868,45.07612568,,,,,,,
3,989,11,7.700710868,45.07612568,,,,,,,
2,989,12,7.700710868,45.07612568,,,,,,,
2,989,13,7.700710868,45.07612568,,,,,,,
1,989,15,7.700710868,45.07612568,,,,,,,
1,989,16,7.700710868,45.07612568,,,,,,,
1,989,17,7.700710868,45.07612568,,,,,,,
1,989,18,7.700710868,45.07612568,,,,,,,
1,989,19,7.700710868,45.07612568,,,,,,,
1,989,20,7.700710868,45.07612568,,,,,,,
1,991,19,7.713418374,45.07612568,,,,,,,
1,991,21,7.713418374,45.07612568,,,,,,,
1,1016,7,7.618112075,45.08062088,,,,,,,
1,1016,10,7.618112075,45.08062088,,,,,,,
1,1016,11,7.618112075,45.08062088,,,,,,,
1,1016,12,7.618112075,45.08062088,,,,,,,
1,1016,14,7.618112075,45.08062088,,,,,,,
2,1016,16,7.618112075,45.08062088,,,,,,,
1,1016,17,7.618112075,45.08062088,,,,,,,
1,1016,20,7.618112075,45.08062088,,,,,,,
1,1017,11,7.624465829,45.08062088,,,,,,,
1,1017,12,7.624465829,45.08062088,,,,,,,
1,1017,17,7.624465829,45.08062088,,,,,,,
1,1018,5,7.630819582,45.08062088,,,,,,,
1,1018,15,7.630819582,45.08062088,,,,,,,
1,1018,17,7.630819582,45.08062088,,,,,,,
1,1018,20,7.630819582,45.08062088,,,,,,,
1,1018,21,7.630819582,45.08062088,,,,,,,
1,1019,0,7.637173335,45.08062088,,,,,,,
1,1019,4,7.637173335,45.08062088,,,,,,,
1,1019,5,7.637173335,45.08062088,,,,,,,
1,1019,12,7.637173335,45.08062088,,,,,,,
1,1019,20,7.637173335,45.08062088,,,,,,,
1,1019,21,7.637173335,45.08062088,,,,,,,
1,1019,23,7.637173335,45.08062088,,,,,,,
1,1020,2,7.643527088,45.08062088,,,,,,,
1,1020,5,7.643527088,45.08062088,,,,,,,
1,1020,9,7.643527088,45.08062088,,,,,,,
1,1020,10,7.643527088,45.08062088,,,,,,,
1,1020,11,7.643527088,45.08062088,,,,,,,
1,1020,12,7.643527088,45.08062088,,,,,,,
1,1020,18,7.643527088,45.08062088,,,,,,,
1,1021,0,7.649880842,45.08062088,,,,,,,
1,1021,8,7.649880842,45.08062088,,,,,,,
1,1021,9,7.649880842,45.08062088,,,,,,,
2,1021,10,7.649880842,45.08062088,,,,,,,
3,1021,11,7.649880842,45.08062088,,,,,,,
2,1021,12,7.649880842,45.08062088,,,,,,,
1,1021,13,7.649880842,45.08062088,,,,,,,
2,1021,15,7.649880842,45.08062088,,,,,,,
2,1021,17,7.649880842,45.08062088,,,,,,,
1,1021,18,7.649880842,45.08062088,,,,,,,
1,1021,20,7.649880842,45.08062088,,,,,,,
1,1021,21,7.649880842,45.08062088,,,,,,,
1,1022,0,7.656234595,45.08062088,,,,,,,
2,1022,1,7.656234595,45.08062088,,,,,,,
1,1022,5,7.656234595,45.08062088,,,,,,,
3,1022,10,7.656234595,45.08062088,,,,,,,
3,1022,11,7.656234595,45.08062088,,,,,,,
3,1022,12,7.656234595,45.08062088,,,,,,,
1,1022,13,7.656234595,45.08062088,,,,,,,
1,1022,18,7.656234595,45.08062088,,,,,,,
2,1022,20,7.656234595,45.08062088,,,,,,,
1,1022,21,7.656234595,45.08062088,,,,,,,
1,1022,23,7.656234595,45.08062088,,,,,,,
1,1023,0,7.662588348,45.08062088,,,,,,,
1,1023,6,7.662588348,45.08062088,,,,,,,
1,1023,7,7.662588348,45.08062088,,,,,,,
1,1023,8,7.662588348,45.08062088,,,,,,,
1,1023,9,7.662588348,45.08062088,,,,,,,
1,1023,10,7.662588348,45.08062088,,,,,,,
2,1023,11,7.662588348,45.08062088,,,,,,,
4,1023,12,7.662588348,45.08062088,,,,,,,
1,1023,15,7.662588348,45.08062088,,,,,,,
1,1023,16,7.662588348,45.08062088,,,,,,,
1,1023,17,7.662588348,45.08062088,,,,,,,
1,1023,19,7.662588348,45.08062088,,,,,,,
2,1023,20,7.662588348,45.08062088,,,,,,,
3,1023,21,7.662588348,45.08062088,,,,,,,
2,1023,22,7.662588348,45.08062088,,,,,,,
1,1024,8,7.668942101,45.08062088,,,,,,,
2,1024,10,7.668942101,45.08062088,,,,,,,
1,1024,11,7.668942101,45.08062088,,,,,,,
1,1024,12,7.668942101,45.08062088,,,,,,,
1,1024,19,7.668942101,45.08062088,,,,,,,
1,1024,23,7.668942101,45.08062088,,,,,,,
2,1025,2,7.675295855,45.08062088,,,,,,,
1,1025,3,7.675295855,45.08062088,,,,,,,
1,1025,6,7.675295855,45.08062088,,,,,,,
1,1025,7,7.675295855,45.08062088,,,,,,,
1,1025,8,7.675295855,45.08062088,,,,,,,
1,1025,10,7.675295855,45.08062088,,,,,,,
1,1025,13,7.675295855,45.08062088,,,,,,,
2,1025,14,7.675295855,45.08062088,,,,,,,
1,1025,17,7.675295855,45.08062088,,,,,,,
3,1025,18,7.675295855,45.08062088,,,,,,,
2,1025,19,7.675295855,45.08062088,,,,,,,
1,1025,20,7.675295855,45.08062088,,,,,,,
1,1025,22,7.675295855,45.08062088,,,,,,,
1,1026,7,7.681649608,45.08062088,,,,,,,
2,1026,16,7.681649608,45.08062088,,,,,,,
2,1026,17,7.681649608,45.08062088,,,,,,,
1,1026,20,7.681649608,45.08062088,,,,,,,
1,1026,21,7.681649608,45.08062088,,,,,,,
1,1027,1,7.688003361,45.08062088,,,,,,,
1,1027,2,7.688003361,45.08062088,,,,,,,
1,1027,3,7.688003361,45.08062088,,,,,,,
1,1027,7,7.688003361,45.08062088,,,,,,,
3,1027,10,7.688003361,45.08062088,,,,,,,
1,1027,12,7.688003361,45.08062088,,,,,,,
1,1027,13,7.688003361,45.08062088,,,,,,,
1,1027,15,7.688003361,45.08062088,,,,,,,
1,1027,19,7.688003361,45.08062088,,,,,,,
3,1027,20,7.688003361,45.08062088,,,,,,,
2,1027,21,7.688003361,45.08062088,,,,,,,
2,1027,22,7.688003361,45.08062088,,,,,,,
1,1028,0,7.694357114,45.08062088,,,,,,,
2,1028,13,7.694357114,45.08062088,,,,,,,
2,1028,18,7.694357114,45.08062088,,,,,,,
2,1029,9,7.700710868,45.08062088,,,,,,,
1,1029,10,7.700710868,45.08062088,,,,,,,
1,1029,11,7.700710868,45.08062088,,,,,,,
1,1029,15,7.700710868,45.08062088,,,,,,,
1,1029,17,7.700710868,45.08062088,,,,,,,
1,1029,19,7.700710868,45.08062088,,,,,,,
2,1061,6,7.649880842,45.08511607,,,,,,,
1,1061,9,7.649880842,45.08511607,,,,,,,
1,1061,10,7.649880842,45.08511607,,,,,,,
1,1061,18,7.649880842,45.08511607,,,,,,,
1,1062,11,7.656234595,45.08511607,,,,,,,
4,1062,12,7.656234595,45.08511607,,,,,,,
2,1062,14,7.656234595,45.08511607,,,,,,,
1,1062,15,7.656234595,45.08511607,,,,,,,
1,1062,18,7.656234595,45.08511607,,,,,,,
2,1062,19,7.656234595,45.08511607,,,,,,,
1,1063,8,7.662588348,45.08511607,,,,,,,
1,1063,10,7.662588348,45.08511607,,,,,,,
1,1063,11,7.662588348,45.08511607,,,,,,,
1,1063,14,7.662588348,45.08511607,,,,,,,
1,1063,15,7.662588348,45.08511607,,,,,,,
1,1063,17,7.662588348,45.08511607,,,,,,,
1,1063,19,7.662588348,45.08511607,,,,,,,
1,1064,10,7.668942101,45.08511607,,,,,,,
2,1064,13,7.668942101,45.08511607,,,,,,,
1,1064,15,7.668942101,45.08511607,,,,,,,
1,1064,16,7.668942101,45.08511607,,,,,,,
1,1064,17,7.668942101,45.08511607,,,,,,,
2,1064,21,7.668942101,45.08511607,,,,,,,
1,1064,23,7.668942101,45.08511607,,,,,,,
1,1065,7,7.675295855,45.08511607,,,,,,,
2,1065,8,7.675295855,45.08511607,,,,,,,
1,1065,9,7.675295855,45.08511607,,,,,,,
1,1065,13,7.675295855,45.08511607,,,,,,,
1,1065,18,7.675295855,45.08511607,,,,,,,
1,1065,21,7.675295855,45.08511607,,,,,,,
1,1066,5,7.681649608,45.08511607,,,,,,,
1,1066,7,7.681649608,45.08511607,,,,,,,
1,1066,8,7.681649608,45.08511607,,,,,,,
1,1066,15,7.681649608,45.08511607,,,,,,,
1,1066,18,7.681649608,45.08511607,,,,,,,
2,1066,21,7.681649608,45.08511607,,,,,,,
1,1067,0,7.688003361,45.08511607,,,,,,,
1,1067,2,7.688003361,45.08511607,,,,,,,
1,1067,4,7.688003361,45.08511607,,,,,,,
1,1067,7,7.688003361,45.08511607,,,,,,,
2,1067,12,7.688003361,45.08511607,,,,,,,
4,1067,21,7.688003361,45.08511607,,,,,,,
1,1068,13,7.694357114,45.08511607,,,,,,,
1,1068,16,7.694357114,45.08511607,,,,,,,
1,1068,22,7.694357114,45.08511607,,,,,,,
2,1069,12,7.700710868,45.08511607,,,,,,,
1,1069,14,7.700710868,45.08511607,,,,,,,
1,1069,15,7.700710868,45.08511607,,,,,,,
2,1070,5,7.707064621,45.08511607,,,,,,,
1,1070,18,7.707064621,45.08511607,,,,,,,
1,1070,19,7.707064621,45.08511607,,,,,,,
1,1070,20,7.707064621,45.08511607,,,,,,,
1,1102,0,7.656234595,45.08961127,,,,,,,
1,1102,5,7.656234595,45.08961127,,,,,,,
1,1102,6,7.656234595,45.08961127,,,,,,,
1,1102,7,7.656234595,45.08961127,,,,,,,
2,1102,9,7.656234595,45.08961127,,,,,,,
3,1102,10,7.656234595,45.08961127,,,,,,,
3,1102,11,7.656234595,45.08961127,,,,,,,
3,1102,12,7.656234595,45.08961127,,,,,,,
3,1102,13,7.656234595,45.08961127,,,,,,,
2,1102,14,7.656234595,45.08961127,,,,,,,
1,1102,15,7.656234595,45.08961127,,,,,,,
2,1102,18,7.656234595,45.08961127,,,,,,,
2,1102,20,7.656234595,45.08961127,,,,,,,
3,1102,21,7.656234595,45.08961127,,,,,,,
1,1103,8,7.662588348,45.08961127,,,,,,,
2,1103,10,7.662588348,45.08961127,,,,,,,
2,1103,11,7.662588348,45.08961127,,,,,,,
2,1103,12,7.662588348,45.08961127,,,,,,,
1,1104,12,7.668942101,45.08961127,,,,,,,
1,1104,19,7.668942101,45.08961127,,,,,,,
2,1104,20,7.668942101,45.08961127,,,,,,,
1,1104,21,7.668942101,45.08961127,,,,,,,
1,1104,23,7.668942101,45.08961127,,,,,,,
1,1105,14,7.675295855,45.08961127,,,,,,,
1,1105,15,7.675295855,45.08961127,,,,,,,
1,1106,7,7.681649608,45.08961127,,,,,,,
1,1106,9,7.681649608,45.08961127,,,,,,,
1,1106,11,7.681649608,45.08961127,,,,,,,
2,1106,12,7.681649608,45.08961127,,,,,,,
2,1106,16,7.681649608,45.08961127,,,,,,,
1,1106,19,7.681649608,45.08961127,,,,,,,
1,1107,0,7.688003361,45.08961127,,,,,,,
1,1107,9,7.688003361,45.08961127,,,,,,,
1,1107,11,7.688003361,45.08961127,,,,,,,
1,1107,12,7.688003361,45.08961127,,,,,,,
1,1107,13,7.688003361,45.08961127,,,,,,,
1,1107,17,7.688003361,45.08961127,,,,,,,
1,1107,21,7.688003361,45.08961127,,,,,,,
1,1108,13,7.694357114,45.08961127,,,,,,,
1,1108,16,7.694357114,45.08961127,,,,,,,
1,1108,17,7.694357114,45.08961127,,,,,,,
1,1108,18,7.694357114,45.08961127,,,,,,,
1,1108,21,7.694357114,45.08961127,,,,,,,
1,1109,8,7.700710868,45.08961127,,,,,,,
1,1109,13,7.700710868,45.08961127,,,,,,,
1,1109,16,7.700710868,45.08961127,,,,,,,
1,1109,19,7.700710868,45.08961127,,,,,,,
1,1109,21,7.700710868,45.08961127,,,,,,,
1,1110,11,7.707064621,45.08961127,,,,,,,
1,1110,12,7.707064621,45.08961127,,,,,,,
1,1110,16,7.707064621,45.08961127,,,,,,,
1,1111,7,7.713418374,45.08961127,,,,,,,
1,1111,9,7.713418374,45.08961127,,,,,,,
2,1111,10,7.713418374,45.08961127,,,,,,,
2,1111,11,7.713418374,45.08961127,,,,,,,
2,1111,12,7.713418374,45.08961127,,,,,,,
1,1111,14,7.713418374,45.08961127,,,,,,,
2,1111,16,7.713418374,45.08961127,,,,,,,
1,1111,18,7.713418374,45.08961127,,,,,,,
2,1111,19,7.713418374,45.08961127,,,,,,,
2,1111,20,7.713418374,45.08961127,,,,,,,
1,1141,8,7.649880842,45.09410647,,,,,,,
2,1141,12,7.649880842,45.09410647,,,,,,,
1,1141,14,7.649880842,45.09410647,,,,,,,
1,1141,17,7.649880842,45.09410647,,,,,,,
2,1142,4,7.656234595,45.09410647,,,,,,,
1,1142,8,7.656234595,45.09410647,,,,,,,
1,1142,11,7.656234595,45.09410647,,,,,,,
1,1142,12,7.656234595,45.09410647,,,,,,,
1,1142,18,7.656234595,45.09410647,,,,,,,
2,1142,20,7.656234595,45.09410647,,,,,,,
1,1142,21,7.656234595,45.09410647,,,,,,,
1,1142,22,7.656234595,45.09410647,,,,,,,
1,1143,13,7.662588348,45.09410647,,,,,,,
1,1143,14,7.662588348,45.09410647,,,,,,,
2,1143,16,7.662588348,45.09410647,,,,,,,
1,1143,19,7.662588348,45.09410647,,,,,,,
1,1143,20,7.662588348,45.09410647,,,,,,,
1,1143,21,7.662588348,45.09410647,,,,,,,
1,1144,9,7.668942101,45.09410647,,,,,,,
1,1144,10,7.668942101,45.09410647,,,,,,,
1,1144,11,7.668942101,45.09410647,,,,,,,
2,1144,12,7.668942101,45.09410647,,,,,,,
1,1144,13,7.668942101,45.09410647,,,,,,,
1,1144,14,7.668942101,45.09410647,,,,,,,
1,1144,15,7.668942101,45.09410647,,,,,,,
2,1144,16,7.668942101,45.09410647,,,,,,,
1,1144,17,7.668942101,45.09410647,,,,,,,
1,1144,18,7.668942101,45.09410647,,,,,,,
1,1144,21,7.668942101,45.09410647,,,,,,,
1,1144,23,7.668942101,45.09410647,,,,,,,
3,1145,0,7.675295855,45.09410647,,,,,,,
1,1145,1,7.675295855,45.09410647,,,,,,,
1,1145,2,7.675295855,45.09410647,,,,,,,
1,1145,10,7.675295855,45.09410647,,,,,,,
1,1145,11,7.675295855,45.09410647,,,,,,,
1,1145,12,7.675295855,45.09410647,,,,,,,
2,1145,14,7.675295855,45.09410647,,,,,,,
1,1145,16,7.675295855,45.09410647,,,,,,,
1,1145,22,7.675295855,45.09410647,,,,,,,
2,1147,8,7.688003361,45.09410647,,,,,,,
1,1147,10,7.688003361,45.09410647,,,,,,,
2,1147,11,7.688003361,45.09410647,,,,,,,
1,1147,12,7.688003361,45.09410647,,,,,,,
1,1147,13,7.688003361,45.09410647,,,,,,,
1,1147,15,7.688003361,45.09410647,,,,,,,
2,1148,3,7.694357114,45.09410647,,,,,,,
1,1148,10,7.694357114,45.09410647,,,,,,,
1,1148,11,7.694357114,45.09410647,,,,,,,
1,1148,12,7.694357114,45.09410647,,,,,,,
1,1148,17,7.694357114,45.09410647,,,,,,,
1,1148,23,7.694357114,45.09410647,,,,,,,
1,1149,10,7.700710868,45.09410647,,,,,,,
1,1149,11,7.700710868,45.09410647,,,,,,,
1,1149,15,7.700710868,45.09410647,,,,,,,
3,1150,1,7.707064621,45.09410647,,,,,,,
1,1150,4,7.707064621,45.09410647,,,,,,,
2,1150,10,7.707064621,45.09410647,,,,,,,
2,1150,11,7.707064621,45.09410647,,,,,,,
4,1150,12,7.707064621,45.09410647,,,,,,,
1,1150,21,7.707064621,45.09410647,,,,,,,
1,1150,23,7.707064621,45.09410647,,,,,,,
1,1151,7,7.713418374,45.09410647,,,,,,,
1,1151,10,7.713418374,45.09410647,,,,,,,
1,1151,11,7.713418374,45.09410647,,,,,,,
1,1151,12,7.713418374,45.09410647,,,,,,,
2,1152,18,7.719772127,45.09410647,,,,,,,
1,1152,21,7.719772127,45.09410647,,,,,,,
1,1179,7,7.637173335,45.09860166,,,,,,,
3,1179,10,7.637173335,45.09860166,,,,,,,
2,1179,11,7.637173335,45.09860166,,,,,,,
2,1179,12,7.637173335,45.09860166,,,,,,,
1,1179,15,7.637173335,45.09860166,,,,,,,
1,1179,16,7.637173335,45.09860166,,,,,,,
1,1179,19,7.637173335,45.09860166,,,,,,,
4,1179,21,7.637173335,45.09860166,,,,,,,
2,1180,1,7.643527088,45.09860166,,,,,,,
1,1180,3,7.643527088,45.09860166,,,,,,,
1,1180,5,7.643527088,45.09860166,,,,,,,
4,1180,6,7.643527088,45.09860166,,,,,,,
1,1180,8,7.643527088,45.09860166,,,,,,,
2,1180,10,7.643527088,45.09860166,,,,,,,
2,1180,11,7.643527088,45.09860166,,,,,,,
2,1180,12,7.643527088,45.09860166,,,,,,,
1,1180,14,7.643527088,45.09860166,,,,,,,
1,1180,16,7.643527088,45.09860166,,,,,,,
1,1180,17,7.643527088,45.09860166,,,,,,,
3,1180,20,7.643527088,45.09860166,,,,,,,
3,1180,21,7.643527088,45.09860166,,,,,,,
1,1181,10,7.649880842,45.09860166,,,,,,,
1,1181,11,7.649880842,45.09860166,,,,,,,
1,1181,14,7.649880842,45.09860166,,,,,,,
1,1181,19,7.649880842,45.09860166,,,,,,,
2,1181,20,7.649880842,45.09860166,,,,,,,
2,1181,21,7.649880842,45.09860166,,,,,,,
1,1182,0,7.656234595,45.09860166,,,,,,,
1,1182,1,7.656234595,45.09860166,,,,,,,
1,1182,10,7.656234595,45.09860166,,,,,,,
1,1182,11,7.656234595,45.09860166,,,,,,,
1,1182,17,7.656234595,45.09860166,,,,,,,
2,1182,19,7.656234595,45.09860166,,,,,,,
1,1182,20,7.656234595,45.09860166,,,,,,,
1,1183,4,7.662588348,45.09860166,,,,,,,
1,1183,8,7.662588348,45.09860166,,,,,,,
2,1183,10,7.662588348,45.09860166,,,,,,,
1,1183,11,7.662588348,45.09860166,,,,,,,
1,1183,12,7.662588348,45.09860166,,,,,,,
1,1183,18,7.662588348,45.09860166,,,,,,,
1,1183,21,7.662588348,45.09860166,,,,,,,
1,1184,1,7.668942101,45.09860166,,,,,,,
2,1184,9,7.668942101,45.09860166,,,,,,,
6,1184,10,7.668942101,45.09860166,,,,,,,
3,1184,11,7.668942101,45.09860166,,,,,,,
5,1184,12,7.668942101,45.09860166,,,,,,,
1,1184,16,7.668942101,45.09860166,,,,,,,
1,1184,21,7.668942101,45.09860166,,,,,,,
1,1185,0,7.675295855,45.09860166,,,,,,,
2,1185,1,7.675295855,45.09860166,,,,,,,
1,1185,4,7.675295855,45.09860166,,,,,,,
1,1185,7,7.675295855,45.09860166,,,,,,,
3,1185,10,7.675295855,45.09860166,,,,,,,
2,1185,11,7.675295855,45.09860166,,,,,,,
2,1185,12,7.675295855,45.09860166,,,,,,,
2,1185,15,7.675295855,45.09860166,,,,,,,
2,1185,18,7.675295855,45.09860166,,,,,,,
1,1185,20,7.675295855,45.09860166,,,,,,,
1,1185,21,7.675295855,45.09860166,,,,,,,
1,1186,8,7.681649608,45.09860166,,,,,,,
1,1186,10,7.681649608,45.09860166,,,,,,,
1,1186,11,7.681649608,45.09860166,,,,,,,
1,1186,12,7.681649608,45.09860166,,,,,,,
1,1186,17,7.681649608,45.09860166,,,,,,,
1,1186,19,7.681649608,45.09860166,,,,,,,
3,1186,21,7.681649608,45.09860166,,,,,,,
1,1187,4,7.688003361,45.09860166,,,,,,,
1,1187,11,7.688003361,45.09860166,,,,,,,
1,1187,12,7.688003361,45.09860166,,,,,,,
1,1187,17,7.688003361,45.09860166,,,,,,,
1,1187,21,7.688003361,45.09860166,,,,,,,
1,1188,5,7.694357114,45.09860166,,,,,,,
1,1188,10,7.694357114,45.09860166,,,,,,,
1,1188,11,7.694357114,45.09860166,,,,,,,
1,1188,12,7.694357114,45.09860166,,,,,,,
1,1188,18,7.694357114,45.09860166,,,,,,,
2,1188,21,7.694357114,45.09860166,,,,,,,
1,1189,5,7.700710868,45.09860166,,,,,,,
3,1189,10,7.700710868,45.09860166,,,,,,,
3,1189,11,7.700710868,45.09860166,,,,,,,
3,1189,12,7.700710868,45.09860166,,,,,,,
1,1189,17,7.700710868,45.09860166,,,,,,,
1,1189,18,7.700710868,45.09860166,,,,,,,
1,1189,19,7.700710868,45.09860166,,,,,,,
2,1189,20,7.700710868,45.09860166,,,,,,,
1,1219,14,7.637173335,45.10309686,,,,,,,
2,1219,16,7.637173335,45.10309686,,,,,,,
1,1219,19,7.637173335,45.10309686,,,,,,,
2,1219,21,7.637173335,45.10309686,,,,,,,
1,1219,22,7.637173335,45.10309686,,,,,,,
1,1219,23,7.637173335,45.10309686,,,,,,,
1,1220,1,7.643527088,45.10309686,,,,,,,
1,1220,7,7.643527088,45.10309686,,,,,,,
3,1220,10,7.643527088,45.10309686,,,,,,,
2,1220,11,7.643527088,45.10309686,,,,,,,
2,1220,12,7.643527088,45.10309686,,,,,,,
1,1220,13,7.643527088,45.10309686,,,,,,,
2,1220,14,7.643527088,45.10309686,,,,,,,
2,1220,15,7.643527088,45.10309686,,,,,,,
4,1220,16,7.643527088,45.10309686,,,,,,,
2,1220,17,7.643527088,45.10309686,,,,,,,
1,1220,18,7.643527088,45.10309686,,,,,,,
4,1220,19,7.643527088,45.10309686,,,,,,,
6,1220,20,7.643527088,45.10309686,,,,,,,
10,1220,21,7.643527088,45.10309686,,,,,,,
7,1220,22,7.643527088,45.10309686,,,,,,,
1,1220,23,7.643527088,45.10309686,,,,,,,
1,1221,9,7.649880842,45.10309686,,,,,,,
1,1221,10,7.649880842,45.10309686,,,,,,,
1,1221,11,7.649880842,45.10309686,,,,,,,
1,1221,12,7.649880842,45.10309686,,,,,,,
1,1221,21,7.649880842,45.10309686,,,,,,,
1,1221,23,7.649880842,45.10309686,,,,,,,
1,1222,5,7.656234595,45.10309686,,,,,,,
1,1222,7,7.656234595,45.10309686,,,,,,,
1,1222,8,7.656234595,45.10309686,,,,,,,
1,1222,9,7.656234595,45.10309686,,,,,,,
3,1222,10,7.656234595,45.10309686,,,,,,,
2,1222,11,7.656234595,45.10309686,,,,,,,
2,1222,12,7.656234595,45.10309686,,,,,,,
1,1222,13,7.656234595,45.10309686,,,,,,,
2,1222,14,7.656234595,45.10309686,,,,,,,
1,1222,15,7.656234595,45.10309686,,,,,,,
2,1222,16,7.656234595,45.10309686,,,,,,,
4,1222,17,7.656234595,45.10309686,,,,,,,
4,1222,18,7.656234595,45.10309686,,,,,,,
2,1222,19,7.656234595,45.10309686,,,,,,,
2,1222,20,7.656234595,45.10309686,,,,,,,
1,1222,21,7.656234595,45.10309686,,,,,,,
1,1222,22,7.656234595,45.10309686,,,,,,,
2,1222,23,7.656234595,45.10309686,,,,,,,
2,1223,0,7.662588348,45.10309686,,,,,,,
2,1223,4,7.662588348,45.10309686,,,,,,,
2,1223,5,7.662588348,45.10309686,,,,,,,
1,1223,7,7.662588348,45.10309686,,,,,,,
2,1223,9,7.662588348,45.10309686,,,,,,,
4,1223,10,7.662588348,45.10309686,,,,,,,
3,1223,11,7.662588348,45.10309686,,,,,,,
8,1223,12,7.662588348,45.10309686,,,,,,,
1,1223,13,7.662588348,45.10309686,,,,,,,
1,1223,14,7.662588348,45.10309686,,,,,,,
1,1223,15,7.662588348,45.10309686,,,,,,,
2,1223,16,7.662588348,45.10309686,,,,,,,
1,1223,18,7.662588348,45.10309686,,,,,,,
1,1223,19,7.662588348,45.10309686,,,,,,,
4,1223,20,7.662588348,45.10309686,,,,,,,
1,1224,0,7.668942101,45.10309686,,,,,,,
1,1224,7,7.668942101,45.10309686,,,,,,,
1,1224,10,7.668942101,45.10309686,,,,,,,
1,1224,11,7.668942101,45.10309686,,,,,,,
3,1224,12,7.668942101,45.10309686,,,,,,,
1,1224,13,7.668942101,45.10309686,,,,,,,
1,1224,19,7.668942101,45.10309686,,,,,,,
1,1225,1,7.675295855,45.10309686,,,,,,,
1,1225,2,7.675295855,45.10309686,,,,,,,
1,1225,8,7.675295855,45.10309686,,,,,,,
3,1225,9,7.675295855,45.10309686,,,,,,,
2,1225,10,7.675295855,45.10309686,,,,,,,
2,1225,11,7.675295855,45.10309686,,,,,,,
1,1225,12,7.675295855,45.10309686,,,,,,,
1,1225,14,7.675295855,45.10309686,,,,,,,
1,1225,20,7.675295855,45.10309686,,,,,,,
1,1226,3,7.681649608,45.10309686,,,,,,,
1,1226,8,7.681649608,45.10309686,,,,,,,
1,1226,10,7.681649608,45.10309686,,,,,,,
1,1226,20,7.681649608,45.10309686,,,,,,,
1,1228,0,7.694357114,45.10309686,,,,,,,
1,1228,10,7.694357114,45.10309686,,,,,,,
1,1228,11,7.694357114,45.10309686,,,,,,,
1,1228,12,7.694357114,45.10309686,,,,,,,
3,1228,15,7.694357114,45.10309686,,,,,,,
4,1228,17,7.694357114,45.10309686,,,,,,,
1,1228,18,7.694357114,45.10309686,,,,,,,
2,1228,21,7.694357114,45.10309686,,,,,,,
2,1229,1,7.700710868,45.10309686,,,,,,,
1,1229,2,7.700710868,45.10309686,,,,,,,
2,1229,10,7.700710868,45.10309686,,,,,,,
2,1229,11,7.700710868,45.10309686,,,,,,,
1,1229,12,7.700710868,45.10309686,,,,,,,
2,1229,15,7.700710868,45.10309686,,,,,,,
2,1229,18,7.700710868,45.10309686,,,,,,,
2,1229,21,7.700710868,45.10309686,,,,,,,
1,1260,8,7.643527088,45.10759206,,,,,,,
1,1260,10,7.643527088,45.10759206,,,,,,,
1,1260,11,7.643527088,45.10759206,,,,,,,
2,1260,12,7.643527088,45.10759206,,,,,,,
1,1260,21,7.643527088,45.10759206,,,,,,,
1,1260,22,7.643527088,45.10759206,,,,,,,
1,1261,0,7.649880842,45.10759206,,,,,,,
1,1261,2,7.649880842,45.10759206,,,,,,,
2,1261,10,7.649880842,45.10759206,,,,,,,
1,1261,11,7.649880842,45.10759206,,,,,,,
1,1261,12,7.649880842,45.10759206,,,,,,,
1,1261,19,7.649880842,45.10759206,,,,,,,
3,1261,21,7.649880842,45.10759206,,,,,,,
2,1261,23,7.649880842,45.10759206,,,,,,,
1,1262,1,7.656234595,45.10759206,,,,,,,
1,1262,2,7.656234595,45.10759206,,,,,,,
1,1262,4,7.656234595,45.10759206,,,,,,,
1,1262,5,7.656234595,45.10759206,,,,,,,
3,1262,6,7.656234595,45.10759206,,,,,,,
2,1262,7,7.656234595,45.10759206,,,,,,,
2,1262,8,7.656234595,45.10759206,,,,,,,
2,1262,9,7.656234595,45.10759206,,,,,,,
5,1262,10,7.656234595,45.10759206,,,,,,,
5,1262,11,7.656234595,45.10759206,,,,,,,
4,1262,12,7.656234595,45.10759206,,,,,,,
1,1262,13,7.656234595,45.10759206,,,,,,,
1,1262,14,7.656234595,45.10759206,,,,,,,
2,1262,15,7.656234595,45.10759206,,,,,,,
1,1262,16,7.656234595,45.10759206,,,,,,,
1,1262,17,7.656234595,45.10759206,,,,,,,
3,1262,18,7.656234595,45.10759206,,,,,,,
4,1262,19,7.656234595,45.10759206,,,,,,,
2,1262,20,7.656234595,45.10759206,,,,,,,
4,1262,21,7.656234595,45.10759206,,,,,,,
2,1262,22,7.656234595,45.10759206,,,,,,,
