TOTAL,AREA,HOUR,LONG,LAT
1,377,14,7.624465829,45.00869773
1,381,10,7.649880842,45.00869773
1,381,12,7.649880842,45.00869773
1,382,16,7.656234595,45.00869773
1,382,18,7.656234595,45.00869773
1,415,10,7.611758322,45.01319292
1,417,1,7.624465829,45.01319292
1,417,13,7.624465829,45.01319292
3,417,14,7.624465829,45.01319292
1,419,0,7.637173335,45.01319292
1,419,9,7.637173335,45.01319292
2,419,12,7.637173335,45.01319292
2,419,13,7.637173335,45.01319292
1,421,0,7.649880842,45.01319292
1,421,7,7.649880842,45.01319292
1,421,13,7.649880842,45.01319292
1,422,9,7.656234595,45.01319292
1,422,13,7.656234595,45.01319292
1,422,14,7.656234595,45.01319292
1,423,10,7.662588348,45.01319292
1,423,12,7.662588348,45.01319292
2,423,13,7.662588348,45.01319292
1,423,15,7.662588348,45.01319292
1,423,16,7.662588348,45.01319292
2,423,17,7.662588348,45.01319292
1,423,19,7.662588348,45.01319292
1,423,20,7.662588348,45.01319292
1,457,1,7.624465829,45.01768812
1,458,18,7.630819582,45.01768812
1,458,19,7.630819582,45.01768812
1,459,0,7.637173335,45.01768812
1,459,2,7.637173335,45.01768812
1,459,7,7.637173335,45.01768812
1,459,12,7.637173335,45.01768812
1,459,14,7.637173335,45.01768812
1,459,18,7.637173335,45.01768812
1,460,9,7.643527088,45.01768812
1,460,10,7.643527088,45.01768812
1,460,12,7.643527088,45.01768812
1,461,2,7.649880842,45.01768812
1,461,9,7.649880842,45.01768812
1,461,11,7.649880842,45.01768812
1,461,14,7.649880842,45.01768812
1,461,15,7.649880842,45.01768812
1,461,17,7.649880842,45.01768812
1,461,22,7.649880842,45.01768812
1,462,13,7.656234595,45.01768812
1,462,17,7.656234595,45.01768812
1,462,18,7.656234595,45.01768812
1,462,22,7.656234595,45.01768812
1,463,8,7.662588348,45.01768812
1,463,15,7.662588348,45.01768812
1,463,17,7.662588348,45.01768812
1,463,18,7.662588348,45.01768812
2,463,19,7.662588348,45.01768812
1,464,13,7.668942101,45.01768812
2,499,11,7.637173335,45.02218332
2,499,12,7.637173335,45.02218332
2,499,14,7.637173335,45.02218332
2,499,15,7.637173335,45.02218332
1,499,19,7.637173335,45.02218332
1,500,1,7.643527088,45.02218332
2,500,13,7.643527088,45.02218332
1,500,17,7.643527088,45.02218332
1,500,18,7.643527088,45.02218332
1,502,8,7.656234595,45.02218332
1,502,11,7.656234595,45.02218332
2,502,12,7.656234595,45.02218332
1,502,13,7.656234595,45.02218332
4,502,16,7.656234595,45.02218332
1,502,19,7.656234595,45.02218332
1,502,20,7.656234595,45.02218332
1,503,15,7.662588348,45.02218332
1,504,10,7.668942101,45.02218332
1,504,19,7.668942101,45.02218332
1,539,16,7.637173335,45.02667851
1,539,17,7.637173335,45.02667851
1,539,19,7.637173335,45.02667851
1,539,23,7.637173335,45.02667851
1,540,1,7.643527088,45.02667851
1,540,8,7.643527088,45.02667851
1,540,13,7.643527088,45.02667851
1,540,19,7.643527088,45.02667851
1,541,2,7.649880842,45.02667851
1,541,10,7.649880842,45.02667851
1,541,15,7.649880842,45.02667851
1,541,17,7.649880842,45.02667851
1,542,13,7.656234595,45.02667851
1,544,1,7.668942101,45.02667851
1,544,9,7.668942101,45.02667851
3,544,11,7.668942101,45.02667851
1,544,15,7.668942101,45.02667851
2,544,16,7.668942101,45.02667851
1,544,17,7.668942101,45.02667851
2,544,18,7.668942101,45.02667851
1,544,19,7.668942101,45.02667851
4,544,20,7.668942101,45.02667851
2,577,5,7.624465829,45.03117371
1,577,10,7.624465829,45.03117371
1,577,17,7.624465829,45.03117371
1,577,18,7.624465829,45.03117371
1,577,19,7.624465829,45.03117371
1,579,0,7.637173335,45.03117371
1,579,3,7.637173335,45.03117371
2,579,9,7.637173335,45.03117371
1,580,0,7.643527088,45.03117371
1,580,2,7.643527088,45.03117371
1,580,8,7.643527088,45.03117371
2,580,12,7.643527088,45.03117371
1,581,2,7.649880842,45.03117371
1,581,11,7.649880842,45.03117371
2,581,12,7.649880842,45.03117371
1,581,14,7.649880842,45.03117371
1,581,16,7.649880842,45.03117371
1,581,18,7.649880842,45.03117371
2,581,19,7.649880842,45.03117371
1,581,21,7.649880842,45.03117371
1,581,22,7.649880842,45.03117371
1,582,0,7.656234595,45.03117371
1,582,2,7.656234595,45.03117371
1,582,7,7.656234595,45.03117371
1,582,10,7.656234595,45.03117371
3,582,11,7.656234595,45.03117371
3,582,12,7.656234595,45.03117371
1,582,14,7.656234595,45.03117371
2,582,15,7.656234595,45.03117371
3,582,16,7.656234595,45.03117371
3,582,18,7.656234595,45.03117371
2,582,19,7.656234595,45.03117371
1,584,0,7.668942101,45.03117371
1,584,10,7.668942101,45.03117371
3,584,11,7.668942101,45.03117371
3,584,12,7.668942101,45.03117371
1,584,13,7.668942101,45.03117371
3,584,14,7.668942101,45.03117371
2,584,15,7.668942101,45.03117371
1,584,16,7.668942101,45.03117371
2,584,17,7.668942101,45.03117371
2,584,18,7.668942101,45.03117371
2,584,20,7.668942101,45.03117371
1,585,3,7.675295855,45.03117371
1,585,10,7.675295855,45.03117371
1,586,9,7.681649608,45.03117371
1,586,14,7.681649608,45.03117371
1,616,6,7.618112075,45.03566891
1,616,11,7.618112075,45.03566891
3,617,13,7.624465829,45.03566891
2,617,14,7.624465829,45.03566891
1,617,15,7.624465829,45.03566891
1,617,19,7.624465829,45.03566891
1,617,20,7.624465829,45.03566891
1,618,0,7.630819582,45.03566891
2,618,8,7.630819582,45.03566891
1,619,1,7.637173335,45.03566891
1,619,6,7.637173335,45.03566891
1,619,9,7.637173335,45.03566891
2,619,16,7.637173335,45.03566891
1,619,18,7.637173335,45.03566891
1,620,0,7.643527088,45.03566891
1,620,1,7.643527088,45.03566891
1,620,2,7.643527088,45.03566891
2,620,12,7.643527088,45.03566891
1,620,15,7.643527088,45.03566891
2,620,17,7.643527088,45.03566891
1,620,19,7.643527088,45.03566891
1,620,20,7.643527088,45.03566891
1,621,2,7.649880842,45.03566891
1,621,9,7.649880842,45.03566891
2,621,12,7.649880842,45.03566891
1,621,13,7.649880842,45.03566891
2,621,14,7.649880842,45.03566891
1,621,15,7.649880842,45.03566891
1,621,17,7.649880842,45.03566891
2,622,6,7.656234595,45.03566891
1,622,9,7.656234595,45.03566891
1,622,15,7.656234595,45.03566891
1,622,17,7.656234595,45.03566891
1,622,22,7.656234595,45.03566891
1,623,0,7.662588348,45.03566891
1,623,20,7.662588348,45.03566891
1,623,22,7.662588348,45.03566891
1,624,0,7.668942101,45.03566891
2,624,17,7.668942101,45.03566891
1,624,21,7.668942101,45.03566891
2,625,1,7.675295855,45.03566891
1,625,7,7.675295855,45.03566891
1,625,16,7.675295855,45.03566891
1,625,18,7.675295855,45.03566891
2,625,20,7.675295855,45.03566891
1,626,10,7.681649608,45.03566891
1,626,14,7.681649608,45.03566891
1,626,17,7.681649608,45.03566891
1,626,21,7.681649608,45.03566891
1,657,14,7.624465829,45.0401641
1,657,16,7.624465829,45.0401641
1,658,2,7.630819582,45.0401641
1,658,3,7.630819582,45.0401641
1,658,6,7.630819582,45.0401641
1,658,14,7.630819582,45.0401641
3,658,16,7.630819582,45.0401641
1,658,23,7.630819582,45.0401641
1,659,7,7.637173335,45.0401641
2,659,9,7.637173335,45.0401641
3,659,11,7.637173335,45.0401641
1,659,13,7.637173335,45.0401641
1,659,15,7.637173335,45.0401641
1,659,16,7.637173335,45.0401641
1,659,19,7.637173335,45.0401641
1,660,1,7.643527088,45.0401641
1,660,11,7.643527088,45.0401641
1,660,13,7.643527088,45.0401641
1,660,19,7.643527088,45.0401641
1,660,20,7.643527088,45.0401641
1,660,21,7.643527088,45.0401641
1,661,1,7.649880842,45.0401641
2,661,11,7.649880842,45.0401641
1,661,19,7.649880842,45.0401641
2,661,20,7.649880842,45.0401641
1,662,8,7.656234595,45.0401641
1,662,10,7.656234595,45.0401641
1,662,17,7.656234595,45.0401641
1,662,18,7.656234595,45.0401641
1,662,22,7.656234595,45.0401641
1,663,12,7.662588348,45.0401641
1,663,15,7.662588348,45.0401641
2,663,16,7.662588348,45.0401641
1,663,17,7.662588348,45.0401641
2,663,19,7.662588348,45.0401641
2,663,20,7.662588348,45.0401641
2,663,21,7.662588348,45.0401641
2,664,4,7.668942101,45.0401641
1,664,6,7.668942101,45.0401641
1,664,7,7.668942101,45.0401641
1,664,12,7.668942101,45.0401641
1,664,15,7.668942101,45.0401641
4,664,16,7.668942101,45.0401641
1,664,17,7.668942101,45.0401641
1,664,19,7.668942101,45.0401641
2,664,20,7.668942101,45.0401641
1,665,0,7.675295855,45.0401641
1,665,5,7.675295855,45.0401641
1,665,6,7.675295855,45.0401641
1,665,8,7.675295855,45.0401641
2,665,10,7.675295855,45.0401641
2,665,11,7.675295855,45.0401641
2,665,12,7.675295855,45.0401641
1,665,14,7.675295855,45.0401641
1,665,15,7.675295855,45.0401641
1,665,16,7.675295855,45.0401641
2,665,17,7.675295855,45.0401641
3,665,18,7.675295855,45.0401641
1,665,19,7.675295855,45.0401641
2,665,20,7.675295855,45.0401641
1,665,21,7.675295855,45.0401641
2,665,22,7.675295855,45.0401641
1,665,23,7.675295855,45.0401641
1,666,0,7.681649608,45.0401641
1,666,4,7.681649608,45.0401641
1,666,9,7.681649608,45.0401641
1,666,10,7.681649608,45.0401641
1,666,11,7.681649608,45.0401641
2,666,13,7.681649608,45.0401641
1,666,14,7.681649608,45.0401641
1,666,16,7.681649608,45.0401641
1,666,20,7.681649608,45.0401641
1,666,22,7.681649608,45.0401641
1,667,11,7.688003361,45.0401641
1,667,12,7.688003361,45.0401641
1,697,17,7.624465829,45.0446593
1,698,6,7.630819582,45.0446593
1,698,13,7.630819582,45.0446593
1,698,16,7.630819582,45.0446593
1,698,20,7.630819582,45.0446593
1,699,2,7.637173335,45.0446593
1,699,5,7.637173335,45.0446593
1,699,9,7.637173335,45.0446593
1,699,11,7.637173335,45.0446593
1,699,15,7.637173335,45.0446593
1,699,19,7.637173335,45.0446593
2,699,23,7.637173335,45.0446593
1,700,3,7.643527088,45.0446593
1,700,7,7.643527088,45.0446593
1,700,9,7.643527088,45.0446593
1,700,11,7.643527088,45.0446593
1,700,15,7.643527088,45.0446593
1,700,16,7.643527088,45.0446593
1,700,17,7.643527088,45.0446593
1,700,18,7.643527088,45.0446593
2,700,19,7.643527088,45.0446593
2,700,20,7.643527088,45.0446593
1,700,22,7.643527088,45.0446593
1,701,2,7.649880842,45.0446593
1,701,8,7.649880842,45.0446593
1,701,9,7.649880842,45.0446593
1,701,10,7.649880842,45.0446593
2,701,11,7.649880842,45.0446593
2,701,17,7.649880842,45.0446593
1,701,23,7.649880842,45.0446593
1,702,13,7.656234595,45.0446593
1,702,19,7.656234595,45.0446593
1,703,2,7.662588348,45.0446593
2,703,8,7.662588348,45.0446593
1,703,9,7.662588348,45.0446593
2,703,10,7.662588348,45.0446593
1,703,12,7.662588348,45.0446593
2,703,14,7.662588348,45.0446593
1,703,15,7.662588348,45.0446593
1,703,18,7.662588348,45.0446593
1,703,19,7.662588348,45.0446593
2,703,20,7.662588348,45.0446593
1,703,21,7.662588348,45.0446593
1,703,22,7.662588348,45.0446593
2,704,0,7.668942101,45.0446593
1,704,1,7.668942101,45.0446593
2,704,6,7.668942101,45.0446593
1,704,9,7.668942101,45.0446593
1,704,10,7.668942101,45.0446593
2,704,13,7.668942101,45.0446593
2,704,17,7.668942101,45.0446593
1,704,18,7.668942101,45.0446593
1,704,19,7.668942101,45.0446593
1,705,7,7.675295855,45.0446593
1,705,9,7.675295855,45.0446593
1,705,10,7.675295855,45.0446593
2,705,12,7.675295855,45.0446593
2,705,13,7.675295855,45.0446593
1,705,15,7.675295855,45.0446593
3,705,16,7.675295855,45.0446593
2,705,17,7.675295855,45.0446593
3,705,18,7.675295855,45.0446593
4,705,19,7.675295855,45.0446593
1,705,20,7.675295855,45.0446593
1,705,22,7.675295855,45.0446593
1,705,23,7.675295855,45.0446593
2,706,0,7.681649608,45.0446593
1,706,1,7.681649608,45.0446593
1,706,9,7.681649608,45.0446593
1,706,15,7.681649608,45.0446593
2,706,17,7.681649608,45.0446593
1,706,19,7.681649608,45.0446593
4,706,20,7.681649608,45.0446593
1,706,22,7.681649608,45.0446593
1,735,8,7.611758322,45.0491545
1,735,9,7.611758322,45.0491545
1,735,10,7.611758322,45.0491545
1,735,12,7.611758322,45.0491545
1,735,13,7.611758322,45.0491545
2,735,15,7.611758322,45.0491545
1,735,16,7.611758322,45.0491545
2,735,18,7.611758322,45.0491545
1,737,0,7.624465829,45.0491545
1,737,18,7.624465829,45.0491545
1,738,2,7.630819582,45.0491545
1,738,7,7.630819582,45.0491545
1,738,12,7.630819582,45.0491545
1,738,14,7.630819582,45.0491545
2,738,15,7.630819582,45.0491545
1,738,21,7.630819582,45.0491545
1,739,10,7.637173335,45.0491545
2,739,11,7.637173335,45.0491545
1,739,13,7.637173335,45.0491545
1,739,18,7.637173335,45.0491545
1,739,20,7.637173335,45.0491545
1,739,21,7.637173335,45.0491545
1,740,2,7.643527088,45.0491545
1,740,10,7.643527088,45.0491545
1,740,11,7.643527088,45.0491545
1,740,17,7.643527088,45.0491545
1,740,18,7.643527088,45.0491545
2,740,19,7.643527088,45.0491545
1,741,0,7.649880842,45.0491545
1,741,1,7.649880842,45.0491545
1,741,7,7.649880842,45.0491545
2,741,9,7.649880842,45.0491545
1,741,10,7.649880842,45.0491545
1,741,11,7.649880842,45.0491545
1,741,12,7.649880842,45.0491545
2,741,14,7.649880842,45.0491545
1,741,17,7.649880842,45.0491545
3,741,18,7.649880842,45.0491545
2,741,19,7.649880842,45.0491545
1,741,20,7.649880842,45.0491545
2,741,21,7.649880842,45.0491545
2,741,22,7.649880842,45.0491545
1,741,23,7.649880842,45.0491545
2,742,0,7.656234595,45.0491545
1,742,10,7.656234595,45.0491545
1,742,11,7.656234595,45.0491545
1,742,14,7.656234595,45.0491545
1,742,15,7.656234595,45.0491545
1,742,16,7.656234595,45.0491545
2,742,17,7.656234595,45.0491545
1,742,18,7.656234595,45.0491545
1,742,19,7.656234595,45.0491545
1,742,21,7.656234595,45.0491545
2,742,22,7.656234595,45.0491545
1,743,0,7.662588348,45.0491545
2,743,9,7.662588348,45.0491545
1,743,10,7.662588348,45.0491545
4,743,11,7.662588348,45.0491545
3,743,12,7.662588348,45.0491545
3,743,13,7.662588348,45.0491545
4,743,15,7.662588348,45.0491545
3,743,16,7.662588348,45.0491545
5,743,17,7.662588348,45.0491545
4,743,18,7.662588348,45.0491545
1,743,19,7.662588348,45.0491545
2,743,20,7.662588348,45.0491545
1,743,22,7.662588348,45.0491545
1,744,0,7.668942101,45.0491545
1,744,7,7.668942101,45.0491545
1,744,11,7.668942101,45.0491545
1,744,13,7.668942101,45.0491545
1,744,14,7.668942101,45.0491545
1,744,20,7.668942101,45.0491545
1,744,21,7.668942101,45.0491545
1,744,23,7.668942101,45.0491545
1,745,0,7.675295855,45.0491545
2,745,1,7.675295855,45.0491545
1,745,7,7.675295855,45.0491545
3,745,8,7.675295855,45.0491545
2,745,12,7.675295855,45.0491545
6,745,16,7.675295855,45.0491545
1,745,17,7.675295855,45.0491545
2,745,18,7.675295855,45.0491545
3,745,19,7.675295855,45.0491545
1,745,20,7.675295855,45.0491545
1,745,22,7.675295855,45.0491545
1,745,23,7.675295855,45.0491545
2,746,0,7.681649608,45.0491545
3,746,1,7.681649608,45.0491545
2,746,10,7.681649608,45.0491545
1,746,11,7.681649608,45.0491545
1,746,12,7.681649608,45.0491545
2,746,13,7.681649608,45.0491545
1,746,14,7.681649608,45.0491545
2,746,16,7.681649608,45.0491545
3,746,17,7.681649608,45.0491545
2,746,18,7.681649608,45.0491545
8,746,20,7.681649608,45.0491545
2,746,21,7.681649608,45.0491545
1,746,23,7.681649608,45.0491545
1,778,1,7.630819582,45.0536497
1,778,16,7.630819582,45.0536497
1,778,21,7.630819582,45.0536497
2,779,9,7.637173335,45.0536497
1,779,10,7.637173335,45.0536497
2,779,15,7.637173335,45.0536497
1,779,16,7.637173335,45.0536497
5,779,17,7.637173335,45.0536497
1,780,4,7.643527088,45.0536497
1,780,10,7.643527088,45.0536497
1,780,11,7.643527088,45.0536497
2,780,12,7.643527088,45.0536497
2,780,13,7.643527088,45.0536497
1,780,16,7.643527088,45.0536497
1,780,17,7.643527088,45.0536497
1,780,18,7.643527088,45.0536497
2,780,19,7.643527088,45.0536497
3,780,20,7.643527088,45.0536497
1,780,21,7.643527088,45.0536497
1,780,23,7.643527088,45.0536497
1,781,0,7.649880842,45.0536497
2,781,2,7.649880842,45.0536497
1,781,5,7.649880842,45.0536497
1,781,6,7.649880842,45.0536497
1,781,7,7.649880842,45.0536497
1,781,11,7.649880842,45.0536497
2,781,12,7.649880842,45.0536497
1,781,13,7.649880842,45.0536497
1,781,15,7.649880842,45.0536497
3,781,16,7.649880842,45.0536497
2,781,18,7.649880842,45.0536497
2,781,20,7.649880842,45.0536497
1,781,21,7.649880842,45.0536497
1,781,22,7.649880842,45.0536497
4,782,0,7.656234595,45.0536497
2,782,2,7.656234595,45.0536497
2,782,3,7.656234595,45.0536497
1,782,7,7.656234595,45.0536497
2,782,9,7.656234595,45.0536497
5,782,10,7.656234595,45.0536497
2,782,11,7.656234595,45.0536497
3,782,12,7.656234595,45.0536497
3,782,13,7.656234595,45.0536497
1,782,14,7.656234595,45.0536497
3,782,15,7.656234595,45.0536497
2,782,16,7.656234595,45.0536497
2,782,17,7.656234595,45.0536497
3,782,18,7.656234595,45.0536497
2,782,21,7.656234595,45.0536497
2,782,22,7.656234595,45.0536497
2,782,23,7.656234595,45.0536497
1,783,1,7.662588348,45.0536497
1,783,2,7.662588348,45.0536497
2,783,4,7.662588348,45.0536497
2,783,6,7.662588348,45.0536497
2,783,7,7.662588348,45.0536497
3,783,8,7.662588348,45.0536497
3,783,9,7.662588348,45.0536497
1,783,10,7.662588348,45.0536497
2,783,14,7.662588348,45.0536497
2,783,16,7.662588348,45.0536497
5,783,17,7.662588348,45.0536497
1,783,18,7.662588348,45.0536497
4,783,19,7.662588348,45.0536497
2,783,20,7.662588348,45.0536497
3,783,21,7.662588348,45.0536497
4,783,23,7.662588348,45.0536497
4,784,1,7.668942101,45.0536497
1,784,8,7.668942101,45.0536497
2,784,11,7.668942101,45.0536497
2,784,12,7.668942101,45.0536497
2,784,13,7.668942101,45.0536497
2,784,14,7.668942101,45.0536497
2,784,16,7.668942101,45.0536497
3,784,17,7.668942101,45.0536497
1,784,18,7.668942101,45.0536497
2,784,19,7.668942101,45.0536497
3,784,20,7.668942101,45.0536497
2,784,21,7.668942101,45.0536497
1,784,22,7.668942101,45.0536497
2,784,23,7.668942101,45.0536497
3,785,0,7.675295855,45.0536497
3,785,1,7.675295855,45.0536497
2,785,4,7.675295855,45.0536497
2,785,7,7.675295855,45.0536497
1,785,8,7.675295855,45.0536497
3,785,9,7.675295855,45.0536497
2,785,10,7.675295855,45.0536497
1,785,11,7.675295855,45.0536497
3,785,12,7.675295855,45.0536497
1,785,13,7.675295855,45.0536497
2,785,14,7.675295855,45.0536497
2,785,15,7.675295855,45.0536497
3,785,16,7.675295855,45.0536497
2,785,17,7.675295855,45.0536497
2,785,19,7.675295855,45.0536497
6,785,20,7.675295855,45.0536497
3,785,21,7.675295855,45.0536497
2,785,22,7.675295855,45.0536497
1,785,23,7.675295855,45.0536497
4,786,0,7.681649608,45.0536497
1,786,2,7.681649608,45.0536497
1,786,3,7.681649608,45.0536497
1,786,4,7.681649608,45.0536497
1,786,5,7.681649608,45.0536497
1,786,6,7.681649608,45.0536497
1,786,9,7.681649608,45.0536497
4,786,11,7.681649608,45.0536497
1,786,12,7.681649608,45.0536497
1,786,13,7.681649608,45.0536497
2,786,14,7.681649608,45.0536497
1,786,15,7.681649608,45.0536497
2,786,16,7.681649608,45.0536497
1,786,17,7.681649608,45.0536497
5,786,18,7.681649608,45.0536497
6,786,19,7.681649608,45.0536497
1,786,20,7.681649608,45.0536497
2,786,21,7.681649608,45.0536497
12,786,22,7.681649608,45.0536497
3,786,23,7.681649608,45.0536497
1,787,9,7.688003361,45.0536497
1,787,11,7.688003361,45.0536497
2,787,12,7.688003361,45.0536497
1,787,15,7.688003361,45.0536497
3,787,16,7.688003361,45.0536497
4,787,17,7.688003361,45.0536497
2,787,18,7.688003361,45.0536497
3,787,19,7.688003361,45.0536497
4,787,20,7.688003361,45.0536497
1,787,22,7.688003361,45.0536497
2,788,1,7.694357114,45.0536497
3,788,9,7.694357114,45.0536497
1,788,10,7.694357114,45.0536497
1,788,11,7.694357114,45.0536497
1,788,14,7.694357114,45.0536497
1,788,15,7.694357114,45.0536497
1,788,16,7.694357114,45.0536497
1,788,17,7.694357114,45.0536497
3,788,18,7.694357114,45.0536497
3,788,21,7.694357114,45.0536497
1,788,23,7.694357114,45.0536497
1,817,17,7.624465829,45.05814489
2,817,20,7.624465829,45.05814489
1,818,18,7.630819582,45.05814489
1,819,1,7.637173335,45.05814489
1,819,2,7.637173335,45.05814489
1,819,10,7.637173335,45.05814489
1,819,12,7.637173335,45.05814489
1,819,13,7.637173335,45.05814489
1,819,19,7.637173335,45.05814489
2,819,20,7.637173335,45.05814489
1,819,23,7.637173335,45.05814489
1,820,3,7.643527088,45.05814489
1,820,6,7.643527088,45.05814489
1,820,10,7.643527088,45.05814489
2,820,12,7.643527088,45.05814489
1,820,14,7.643527088,45.05814489
2,820,15,7.643527088,45.05814489
2,820,16,7.643527088,45.05814489
3,820,20,7.643527088,45.05814489
1,820,21,7.643527088,45.05814489
1,821,1,7.649880842,45.05814489
1,821,7,7.649880842,45.05814489
1,821,9,7.649880842,45.05814489
1,821,12,7.649880842,45.05814489
1,821,13,7.649880842,45.05814489
2,821,16,7.649880842,45.05814489
1,821,17,7.649880842,45.05814489
1,821,18,7.649880842,45.05814489
3,821,19,7.649880842,45.05814489
1,821,20,7.649880842,45.05814489
1,821,22,7.649880842,45.05814489
3,821,23,7.649880842,45.05814489
1,822,0,7.656234595,45.05814489
1,822,2,7.656234595,45.05814489
1,822,6,7.656234595,45.05814489
1,822,10,7.656234595,45.05814489
3,822,12,7.656234595,45.05814489
3,822,13,7.656234595,45.05814489
1,822,14,7.656234595,45.05814489
1,822,16,7.656234595,45.05814489
1,822,17,7.656234595,45.05814489
3,822,18,7.656234595,45.05814489
2,822,19,7.656234595,45.05814489
7,822,20,7.656234595,45.05814489
2,823,0,7.662588348,45.05814489
1,823,2,7.662588348,45.05814489
2,823,6,7.662588348,45.05814489
1,823,9,7.662588348,45.05814489
2,823,11,7.662588348,45.05814489
3,823,12,7.662588348,45.05814489
1,823,16,7.662588348,45.05814489
1,823,18,7.662588348,45.05814489
3,823,19,7.662588348,45.05814489
1,823,21,7.662588348,45.05814489
1,824,0,7.668942101,45.05814489
1,824,1,7.668942101,45.05814489
1,824,2,7.668942101,45.05814489
2,824,4,7.668942101,45.05814489
2,824,10,7.668942101,45.05814489
2,824,11,7.668942101,45.05814489
3,824,12,7.668942101,45.05814489
2,824,13,7.668942101,45.05814489
2,824,15,7.668942101,45.05814489
5,824,17,7.668942101,45.05814489
1,824,18,7.668942101,45.05814489
3,824,19,7.668942101,45.05814489
3,824,20,7.668942101,45.05814489
1,824,21,7.668942101,45.05814489
2,825,0,7.675295855,45.05814489
1,825,2,7.675295855,45.05814489
1,825,4,7.675295855,45.05814489
2,825,7,7.675295855,45.05814489
4,825,9,7.675295855,45.05814489
6,825,10,7.675295855,45.05814489
5,825,11,7.675295855,45.05814489
2,825,12,7.675295855,45.05814489
1,825,14,7.675295855,45.05814489
2,825,15,7.675295855,45.05814489
7,825,16,7.675295855,45.05814489
3,825,17,7.675295855,45.05814489
7,825,18,7.675295855,45.05814489
3,825,19,7.675295855,45.05814489
2,825,20,7.675295855,45.05814489
5,825,21,7.675295855,45.05814489
4,825,22,7.675295855,45.05814489
2,825,23,7.675295855,45.05814489
3,826,0,7.681649608,45.05814489
2,826,1,7.681649608,45.05814489
2,826,2,7.681649608,45.05814489
1,826,4,7.681649608,45.05814489
2,826,5,7.681649608,45.05814489
3,826,8,7.681649608,45.05814489
4,826,9,7.681649608,45.05814489
6,826,10,7.681649608,45.05814489
1,826,11,7.681649608,45.05814489
3,826,12,7.681649608,45.05814489
3,826,13,7.681649608,45.05814489
7,826,15,7.681649608,45.05814489
2,826,16,7.681649608,45.05814489
11,826,17,7.681649608,45.05814489
7,826,18,7.681649608,45.05814489
2,826,19,7.681649608,45.05814489
1,826,20,7.681649608,45.05814489
4,826,21,7.681649608,45.05814489
1,826,22,7.681649608,45.05814489
5,826,23,7.681649608,45.05814489
1,827,0,7.688003361,45.05814489
2,827,3,7.688003361,45.05814489
1,827,8,7.688003361,45.05814489
2,827,10,7.688003361,45.05814489
1,827,11,7.688003361,45.05814489
3,827,12,7.688003361,45.05814489
2,827,13,7.688003361,45.05814489
1,827,14,7.688003361,45.05814489
2,827,15,7.688003361,45.05814489
2,827,16,7.688003361,45.05814489
2,827,18,7.688003361,45.05814489
3,827,19,7.688003361,45.05814489
1,827,20,7.688003361,45.05814489
1,827,21,7.688003361,45.05814489
1,827,23,7.688003361,45.05814489
1,828,0,7.694357114,45.05814489
1,828,1,7.694357114,45.05814489
2,828,2,7.694357114,45.05814489
1,828,5,7.694357114,45.05814489
1,828,9,7.694357114,45.05814489
1,828,10,7.694357114,45.05814489
2,828,11,7.694357114,45.05814489
1,828,13,7.694357114,45.05814489
2,828,15,7.694357114,45.05814489
4,828,16,7.694357114,45.05814489
1,828,17,7.694357114,45.05814489
3,828,18,7.694357114,45.05814489
1,828,19,7.694357114,45.05814489
1,828,20,7.694357114,45.05814489
2,828,21,7.694357114,45.05814489
2,828,22,7.694357114,45.05814489
3,828,23,7.694357114,45.05814489
2,829,11,7.700710868,45.05814489
1,829,13,7.700710868,45.05814489
1,829,14,7.700710868,45.05814489
1,829,15,7.700710868,45.05814489
3,829,16,7.700710868,45.05814489
2,829,18,7.700710868,45.05814489
3,829,19,7.700710868,45.05814489
1,829,20,7.700710868,45.05814489
1,829,22,7.700710868,45.05814489
2,830,0,7.707064621,45.05814489
4,830,1,7.707064621,45.05814489
4,830,2,7.707064621,45.05814489
2,830,4,7.707064621,45.05814489
2,830,7,7.707064621,45.05814489
1,830,13,7.707064621,45.05814489
3,830,15,7.707064621,45.05814489
1,831,13,7.713418374,45.05814489
1,855,10,7.611758322,45.06264009
1,856,5,7.618112075,45.06264009
2,856,13,7.618112075,45.06264009
1,856,14,7.618112075,45.06264009
2,856,15,7.618112075,45.06264009
1,856,17,7.618112075,45.06264009
2,857,12,7.624465829,45.06264009
1,857,15,7.624465829,45.06264009
1,857,16,7.624465829,45.06264009
1,858,0,7.630819582,45.06264009
1,858,1,7.630819582,45.06264009
1,858,4,7.630819582,45.06264009
1,858,7,7.630819582,45.06264009
2,858,9,7.630819582,45.06264009
2,858,10,7.630819582,45.06264009
1,858,11,7.630819582,45.06264009
2,858,12,7.630819582,45.06264009
1,858,13,7.630819582,45.06264009
2,858,14,7.630819582,45.06264009
2,858,17,7.630819582,45.06264009
5,858,20,7.630819582,45.06264009
2,858,21,7.630819582,45.06264009
1,859,6,7.637173335,45.06264009
3,859,11,7.637173335,45.06264009
1,859,12,7.637173335,45.06264009
1,859,19,7.637173335,45.06264009
2,859,20,7.637173335,45.06264009
1,860,0,7.643527088,45.06264009
2,860,1,7.643527088,45.06264009
4,860,2,7.643527088,45.06264009
1,860,3,7.643527088,45.06264009
1,860,6,7.643527088,45.06264009
1,860,8,7.643527088,45.06264009
1,860,11,7.643527088,45.06264009
1,860,12,7.643527088,45.06264009
1,860,17,7.643527088,45.06264009
1,860,19,7.643527088,45.06264009
1,860,21,7.643527088,45.06264009
1,860,23,7.643527088,45.06264009
5,861,0,7.649880842,45.06264009
1,861,5,7.649880842,45.06264009
1,861,9,7.649880842,45.06264009
1,861,10,7.649880842,45.06264009
1,861,12,7.649880842,45.06264009
1,861,13,7.649880842,45.06264009
4,861,14,7.649880842,45.06264009
1,861,16,7.649880842,45.06264009
2,861,18,7.649880842,45.06264009
3,861,19,7.649880842,45.06264009
4,861,20,7.649880842,45.06264009
7,861,21,7.649880842,45.06264009
1,861,22,7.649880842,45.06264009
3,861,23,7.649880842,45.06264009
1,862,0,7.656234595,45.06264009
1,862,2,7.656234595,45.06264009
1,862,4,7.656234595,45.06264009
1,862,6,7.656234595,45.06264009
2,862,11,7.656234595,45.06264009
2,862,13,7.656234595,45.06264009
4,862,18,7.656234595,45.06264009
1,862,19,7.656234595,45.06264009
2,862,20,7.656234595,45.06264009
1,862,21,7.656234595,45.06264009
2,862,22,7.656234595,45.06264009
1,862,23,7.656234595,45.06264009
1,863,1,7.662588348,45.06264009
2,863,2,7.662588348,45.06264009
1,863,3,7.662588348,45.06264009
2,863,4,7.662588348,45.06264009
3,863,8,7.662588348,45.06264009
4,863,11,7.662588348,45.06264009
1,863,12,7.662588348,45.06264009
1,863,14,7.662588348,45.06264009
3,863,16,7.662588348,45.06264009
2,863,17,7.662588348,45.06264009
1,863,18,7.662588348,45.06264009
2,863,19,7.662588348,45.06264009
2,863,20,7.662588348,45.06264009
2,863,21,7.662588348,45.06264009
1,863,22,7.662588348,45.06264009
1,863,23,7.662588348,45.06264009
1,864,3,7.668942101,45.06264009
1,864,7,7.668942101,45.06264009
1,864,10,7.668942101,45.06264009
3,864,11,7.668942101,45.06264009
2,864,12,7.668942101,45.06264009
2,864,13,7.668942101,45.06264009
3,864,15,7.668942101,45.06264009
4,864,16,7.668942101,45.06264009
7,864,17,7.668942101,45.06264009
2,864,18,7.668942101,45.06264009
3,864,20,7.668942101,45.06264009
2,864,21,7.668942101,45.06264009
1,864,23,7.668942101,45.06264009
3,865,0,7.675295855,45.06264009
1,865,1,7.675295855,45.06264009
2,865,2,7.675295855,45.06264009
1,865,5,7.675295855,45.06264009
1,865,6,7.675295855,45.06264009
1,865,7,7.675295855,45.06264009
1,865,8,7.675295855,45.06264009
6,865,9,7.675295855,45.06264009
5,865,10,7.675295855,45.06264009
5,865,11,7.675295855,45.06264009
3,865,12,7.675295855,45.06264009
3,865,13,7.675295855,45.06264009
1,865,14,7.675295855,45.06264009
4,865,15,7.675295855,45.06264009
2,865,16,7.675295855,45.06264009
3,865,17,7.675295855,45.06264009
5,865,18,7.675295855,45.06264009
2,865,19,7.675295855,45.06264009
3,865,20,7.675295855,45.06264009
2,865,21,7.675295855,45.06264009
2,865,22,7.675295855,45.06264009
3,865,23,7.675295855,45.06264009
1,866,5,7.681649608,45.06264009
1,866,6,7.681649608,45.06264009
1,866,8,7.681649608,45.06264009
2,866,9,7.681649608,45.06264009
2,866,11,7.681649608,45.06264009
4,866,13,7.681649608,45.06264009
1,866,14,7.681649608,45.06264009
1,866,15,7.681649608,45.06264009
1,866,17,7.681649608,45.06264009
2,866,19,7.681649608,45.06264009
1,866,20,7.681649608,45.06264009
3,866,21,7.681649608,45.06264009
2,866,22,7.681649608,45.06264009
3,866,23,7.681649608,45.06264009
1,867,6,7.688003361,45.06264009
1,867,7,7.688003361,45.06264009
1,867,9,7.688003361,45.06264009
6,867,10,7.688003361,45.06264009
1,867,11,7.688003361,45.06264009
2,867,12,7.688003361,45.06264009
4,867,14,7.688003361,45.06264009
3,867,15,7.688003361,45.06264009
1,867,16,7.688003361,45.06264009
6,867,17,7.688003361,45.06264009
1,867,18,7.688003361,45.06264009
5,867,20,7.688003361,45.06264009
2,867,21,7.688003361,45.06264009
2,867,22,7.688003361,45.06264009
1,867,23,7.688003361,45.06264009
1,868,0,7.694357114,45.06264009
2,868,1,7.694357114,45.06264009
1,868,8,7.694357114,45.06264009
1,868,9,7.694357114,45.06264009
3,868,10,7.694357114,45.06264009
2,868,11,7.694357114,45.06264009
1,868,12,7.694357114,45.06264009
4,868,13,7.694357114,45.06264009
1,868,14,7.694357114,45.06264009
1,868,15,7.694357114,45.06264009
1,868,16,7.694357114,45.06264009
3,868,17,7.694357114,45.06264009
5,868,18,7.694357114,45.06264009
1,868,19,7.694357114,45.06264009
1,868,20,7.694357114,45.06264009
4,868,21,7.694357114,45.06264009
1,869,5,7.700710868,45.06264009
2,869,12,7.700710868,45.06264009
2,869,13,7.700710868,45.06264009
1,869,14,7.700710868,45.06264009
2,869,15,7.700710868,45.06264009
3,869,16,7.700710868,45.06264009
2,869,18,7.700710868,45.06264009
1,869,19,7.700710868,45.06264009
1,869,20,7.700710868,45.06264009
2,869,22,7.700710868,45.06264009
1,870,14,7.707064621,45.06264009
1,870,15,7.707064621,45.06264009
1,870,16,7.707064621,45.06264009
2,870,17,7.707064621,45.06264009
2,870,18,7.707064621,45.06264009
2,870,20,7.707064621,45.06264009
2,871,0,7.713418374,45.06264009
1,871,12,7.713418374,45.06264009
1,871,17,7.713418374,45.06264009
3,871,18,7.713418374,45.06264009
1,871,20,7.713418374,45.06264009
1,871,22,7.713418374,45.06264009
2,871,23,7.713418374,45.06264009
1,872,2,7.719772127,45.06264009
2,872,12,7.719772127,45.06264009
1,872,14,7.719772127,45.06264009
1,872,18,7.719772127,45.06264009
1,872,19,7.719772127,45.06264009
1,872,21,7.719772127,45.06264009
1,872,22,7.719772127,45.06264009
1,872,23,7.719772127,45.06264009
1,895,0,7.611758322,45.06713529
1,895,6,7.611758322,45.06713529
1,895,9,7.611758322,45.06713529
1,895,10,7.611758322,45.06713529
1,895,11,7.611758322,45.06713529
1,895,12,7.611758322,45.06713529
1,895,13,7.611758322,45.06713529
1,895,14,7.611758322,45.06713529
2,895,16,7.611758322,45.06713529
1,895,17,7.611758322,45.06713529
3,895,20,7.611758322,45.06713529
1,895,23,7.611758322,45.06713529
1,896,8,7.618112075,45.06713529
2,896,10,7.618112075,45.06713529
1,896,11,7.618112075,45.06713529
1,896,13,7.618112075,45.06713529
1,896,16,7.618112075,45.06713529
1,896,18,7.618112075,45.06713529
1,896,19,7.618112075,45.06713529
3,896,21,7.618112075,45.06713529
1,897,9,7.624465829,45.06713529
2,897,17,7.624465829,45.06713529
2,897,18,7.624465829,45.06713529
1,898,10,7.630819582,45.06713529
2,898,16,7.630819582,45.06713529
1,898,20,7.630819582,45.06713529
1,898,21,7.630819582,45.06713529
1,898,23,7.630819582,45.06713529
1,899,0,7.637173335,45.06713529
1,899,11,7.637173335,45.06713529
1,899,12,7.637173335,45.06713529
2,899,13,7.637173335,45.06713529
1,899,15,7.637173335,45.06713529
3,899,17,7.637173335,45.06713529
1,899,18,7.637173335,45.06713529
1,899,19,7.637173335,45.06713529
2,899,20,7.637173335,45.06713529
1,899,23,7.637173335,45.06713529
1,900,3,7.643527088,45.06713529
1,900,5,7.643527088,45.06713529
1,900,8,7.643527088,45.06713529
1,900,10,7.643527088,45.06713529
2,900,12,7.643527088,45.06713529
1,900,15,7.643527088,45.06713529
2,900,19,7.643527088,45.06713529
3,900,20,7.643527088,45.06713529
2,900,23,7.643527088,45.06713529
1,901,0,7.649880842,45.06713529
1,901,2,7.649880842,45.06713529
1,901,5,7.649880842,45.06713529
1,901,8,7.649880842,45.06713529
1,901,10,7.649880842,45.06713529
1,901,12,7.649880842,45.06713529
1,901,15,7.649880842,45.06713529
1,901,16,7.649880842,45.06713529
1,901,18,7.649880842,45.06713529
2,901,20,7.649880842,45.06713529
1,901,21,7.649880842,45.06713529
3,901,23,7.649880842,45.06713529
2,902,0,7.656234595,45.06713529
1,902,2,7.656234595,45.06713529
1,902,3,7.656234595,45.06713529
1,902,9,7.656234595,45.06713529
1,902,11,7.656234595,45.06713529
2,902,14,7.656234595,45.06713529
1,902,15,7.656234595,45.06713529
1,902,17,7.656234595,45.06713529
2,902,19,7.656234595,45.06713529
1,902,20,7.656234595,45.06713529
1,902,22,7.656234595,45.06713529
1,903,0,7.662588348,45.06713529
3,903,1,7.662588348,45.06713529
2,903,4,7.662588348,45.06713529
1,903,5,7.662588348,45.06713529
2,903,6,7.662588348,45.06713529
4,903,7,7.662588348,45.06713529
3,903,8,7.662588348,45.06713529
3,903,9,7.662588348,45.06713529
2,903,10,7.662588348,45.06713529
2,903,11,7.662588348,45.06713529
6,903,12,7.662588348,45.06713529
1,903,13,7.662588348,45.06713529
3,903,14,7.662588348,45.06713529
3,903,15,7.662588348,45.06713529
4,903,16,7.662588348,45.06713529
6,903,18,7.662588348,45.06713529
2,903,19,7.662588348,45.06713529
1,903,21,7.662588348,45.06713529
1,903,23,7.662588348,45.06713529
2,904,1,7.668942101,45.06713529
2,904,2,7.668942101,45.06713529
1,904,5,7.668942101,45.06713529
3,904,6,7.668942101,45.06713529
1,904,8,7.668942101,45.06713529
3,904,9,7.668942101,45.06713529
1,904,10,7.668942101,45.06713529
2,904,11,7.668942101,45.06713529
4,904,12,7.668942101,45.06713529
1,904,13,7.668942101,45.06713529
4,904,14,7.668942101,45.06713529
1,904,15,7.668942101,45.06713529
7,904,16,7.668942101,45.06713529
1,904,17,7.668942101,45.06713529
4,904,18,7.668942101,45.06713529
7,904,19,7.668942101,45.06713529
1,904,20,7.668942101,45.06713529
2,904,22,7.668942101,45.06713529
2,905,8,7.675295855,45.06713529
3,905,9,7.675295855,45.06713529
2,905,10,7.675295855,45.06713529
6,905,11,7.675295855,45.06713529
2,905,12,7.675295855,45.06713529
2,905,13,7.675295855,45.06713529
1,905,14,7.675295855,45.06713529
2,905,15,7.675295855,45.06713529
1,905,16,7.675295855,45.06713529
2,905,17,7.675295855,45.06713529
5,905,18,7.675295855,45.06713529
3,905,20,7.675295855,45.06713529
3,905,21,7.675295855,45.06713529
2,905,22,7.675295855,45.06713529
1,906,5,7.681649608,45.06713529
1,906,8,7.681649608,45.06713529
2,906,9,7.681649608,45.06713529
1,906,10,7.681649608,45.06713529
2,906,12,7.681649608,45.06713529
2,906,13,7.681649608,45.06713529
1,906,14,7.681649608,45.06713529
1,906,16,7.681649608,45.06713529
1,906,20,7.681649608,45.06713529
1,907,4,7.688003361,45.06713529
1,907,6,7.688003361,45.06713529
1,907,8,7.688003361,45.06713529
5,907,9,7.688003361,45.06713529
1,907,11,7.688003361,45.06713529
1,907,14,7.688003361,45.06713529
2,907,15,7.688003361,45.06713529
1,907,22,7.688003361,45.06713529
3,907,23,7.688003361,45.06713529
2,908,0,7.694357114,45.06713529
2,908,1,7.694357114,45.06713529
1,908,3,7.694357114,45.06713529
1,908,8,7.694357114,45.06713529
2,908,11,7.694357114,45.06713529
2,908,12,7.694357114,45.06713529
4,908,14,7.694357114,45.06713529
2,908,15,7.694357114,45.06713529
3,908,16,7.694357114,45.06713529
7,908,17,7.694357114,45.06713529
3,908,18,7.694357114,45.06713529
2,908,19,7.694357114,45.06713529
1,908,20,7.694357114,45.06713529
2,908,23,7.694357114,45.06713529
1,909,0,7.700710868,45.06713529
4,909,1,7.700710868,45.06713529
2,909,10,7.700710868,45.06713529
1,909,11,7.700710868,45.06713529
2,909,12,7.700710868,45.06713529
1,909,14,7.700710868,45.06713529
2,909,18,7.700710868,45.06713529
2,909,19,7.700710868,45.06713529
4,909,20,7.700710868,45.06713529
2,909,21,7.700710868,45.06713529
2,909,22,7.700710868,45.06713529
1,910,1,7.707064621,45.06713529
1,910,6,7.707064621,45.06713529
2,910,8,7.707064621,45.06713529
1,910,12,7.707064621,45.06713529
2,910,18,7.707064621,45.06713529
2,910,19,7.707064621,45.06713529
2,910,20,7.707064621,45.06713529
1,911,1,7.713418374,45.06713529
1,911,2,7.713418374,45.06713529
1,911,8,7.713418374,45.06713529
1,911,13,7.713418374,45.06713529
1,911,17,7.713418374,45.06713529
1,912,7,7.719772127,45.06713529
1,912,10,7.719772127,45.06713529
4,912,11,7.719772127,45.06713529
2,912,13,7.719772127,45.06713529
1,912,14,7.719772127,45.06713529
2,912,16,7.719772127,45.06713529
2,912,17,7.719772127,45.06713529
1,912,18,7.719772127,45.06713529
1,912,19,7.719772127,45.06713529
1,913,9,7.726125881,45.06713529
1,913,12,7.726125881,45.06713529
1,913,16,7.726125881,45.06713529
2,913,17,7.726125881,45.06713529
2,934,12,7.605404569,45.07163048
1,934,13,7.605404569,45.07163048
1,934,14,7.605404569,45.07163048
2,934,15,7.605404569,45.07163048
4,934,16,7.605404569,45.07163048
1,934,17,7.605404569,45.07163048
2,934,18,7.605404569,45.07163048
1,934,19,7.605404569,45.07163048
1,934,20,7.605404569,45.07163048
2,934,21,7.605404569,45.07163048
1,934,22,7.605404569,45.07163048
1,935,2,7.611758322,45.07163048
2,935,11,7.611758322,45.07163048
1,935,16,7.611758322,45.07163048
2,935,18,7.611758322,45.07163048
2,935,19,7.611758322,45.07163048
1,936,0,7.618112075,45.07163048
1,936,1,7.618112075,45.07163048
1,936,2,7.618112075,45.07163048
1,936,9,7.618112075,45.07163048
1,936,11,7.618112075,45.07163048
2,936,13,7.618112075,45.07163048
2,936,15,7.618112075,45.07163048
2,936,16,7.618112075,45.07163048
1,936,18,7.618112075,45.07163048
4,936,20,7.618112075,45.07163048
2,936,21,7.618112075,45.07163048
1,937,10,7.624465829,45.07163048
1,937,11,7.624465829,45.07163048
3,937,14,7.624465829,45.07163048
2,937,15,7.624465829,45.07163048
1,937,17,7.624465829,45.07163048
1,937,19,7.624465829,45.07163048
2,937,20,7.624465829,45.07163048
1,938,1,7.630819582,45.07163048
1,938,11,7.630819582,45.07163048
1,938,16,7.630819582,45.07163048
3,938,18,7.630819582,45.07163048
1,938,19,7.630819582,45.07163048
1,938,22,7.630819582,45.07163048
1,939,2,7.637173335,45.07163048
1,939,10,7.637173335,45.07163048
1,939,11,7.637173335,45.07163048
2,939,13,7.637173335,45.07163048
1,939,14,7.637173335,45.07163048
5,939,15,7.637173335,45.07163048
2,939,16,7.637173335,45.07163048
1,939,17,7.637173335,45.07163048
2,939,18,7.637173335,45.07163048
1,939,20,7.637173335,45.07163048
1,939,21,7.637173335,45.07163048
1,939,22,7.637173335,45.07163048
2,939,23,7.637173335,45.07163048
1,940,1,7.643527088,45.07163048
1,940,2,7.643527088,45.07163048
1,940,3,7.643527088,45.07163048
1,940,9,7.643527088,45.07163048
2,940,10,7.643527088,45.07163048
4,940,12,7.643527088,45.07163048
1,940,15,7.643527088,45.07163048
5,940,16,7.643527088,45.07163048
1,940,17,7.643527088,45.07163048
5,940,18,7.643527088,45.07163048
2,940,19,7.643527088,45.07163048
3,940,20,7.643527088,45.07163048
3,940,21,7.643527088,45.07163048
1,940,23,7.643527088,45.07163048
1,941,0,7.649880842,45.07163048
2,941,2,7.649880842,45.07163048
1,941,3,7.649880842,45.07163048
1,941,4,7.649880842,45.07163048
1,941,7,7.649880842,45.07163048
1,941,9,7.649880842,45.07163048
1,941,12,7.649880842,45.07163048
1,941,15,7.649880842,45.07163048
3,941,16,7.649880842,45.07163048
1,941,17,7.649880842,45.07163048
5,941,20,7.649880842,45.07163048
1,941,22,7.649880842,45.07163048
1,942,2,7.656234595,45.07163048
1,942,4,7.656234595,45.07163048
2,942,10,7.656234595,45.07163048
2,942,11,7.656234595,45.07163048
1,942,13,7.656234595,45.07163048
1,942,15,7.656234595,45.07163048
1,942,16,7.656234595,45.07163048
1,942,18,7.656234595,45.07163048
2,942,19,7.656234595,45.07163048
3,942,23,7.656234595,45.07163048
4,943,0,7.662588348,45.07163048
2,943,1,7.662588348,45.07163048
1,943,5,7.662588348,45.07163048
1,943,6,7.662588348,45.07163048
1,943,8,7.662588348,45.07163048
1,943,9,7.662588348,45.07163048
2,943,10,7.662588348,45.07163048
1,943,11,7.662588348,45.07163048
1,943,12,7.662588348,45.07163048
1,943,13,7.662588348,45.07163048
3,943,14,7.662588348,45.07163048
4,943,16,7.662588348,45.07163048
3,943,17,7.662588348,45.07163048
4,943,18,7.662588348,45.07163048
2,943,20,7.662588348,45.07163048
2,943,21,7.662588348,45.07163048
1,943,22,7.662588348,45.07163048
2,944,0,7.668942101,45.07163048
2,944,1,7.668942101,45.07163048
1,944,3,7.668942101,45.07163048
1,944,4,7.668942101,45.07163048
2,944,6,7.668942101,45.07163048
4,944,7,7.668942101,45.07163048
2,944,8,7.668942101,45.07163048
1,944,9,7.668942101,45.07163048
3,944,10,7.668942101,45.07163048
1,944,11,7.668942101,45.07163048
1,944,12,7.668942101,45.07163048
1,944,13,7.668942101,45.07163048
1,944,14,7.668942101,45.07163048
6,944,16,7.668942101,45.07163048
5,944,17,7.668942101,45.07163048
1,944,18,7.668942101,45.07163048
4,944,19,7.668942101,45.07163048
4,944,21,7.668942101,45.07163048
2,944,22,7.668942101,45.07163048
2,944,23,7.668942101,45.07163048
2,945,0,7.675295855,45.07163048
1,945,7,7.675295855,45.07163048
3,945,8,7.675295855,45.07163048
4,945,9,7.675295855,45.07163048
1,945,10,7.675295855,45.07163048
5,945,11,7.675295855,45.07163048
5,945,12,7.675295855,45.07163048
3,945,13,7.675295855,45.07163048
3,945,14,7.675295855,45.07163048
3,945,15,7.675295855,45.07163048
1,945,16,7.675295855,45.07163048
4,945,17,7.675295855,45.07163048
2,945,18,7.675295855,45.07163048
3,945,19,7.675295855,45.07163048
5,945,20,7.675295855,45.07163048
6,945,21,7.675295855,45.07163048
2,945,23,7.675295855,45.07163048
1,946,0,7.681649608,45.07163048
1,946,8,7.681649608,45.07163048
1,946,9,7.681649608,45.07163048
1,946,10,7.681649608,45.07163048
4,946,11,7.681649608,45.07163048
2,946,17,7.681649608,45.07163048
1,946,19,7.681649608,45.07163048
3,946,20,7.681649608,45.07163048
1,946,21,7.681649608,45.07163048
1,947,9,7.688003361,45.07163048
2,947,11,7.688003361,45.07163048
1,947,12,7.688003361,45.07163048
1,947,13,7.688003361,45.07163048
2,947,14,7.688003361,45.07163048
1,947,15,7.688003361,45.07163048
1,947,17,7.688003361,45.07163048
3,947,20,7.688003361,45.07163048
2,947,21,7.688003361,45.07163048
1,947,22,7.688003361,45.07163048
1,948,2,7.694357114,45.07163048
1,948,4,7.694357114,45.07163048
1,948,5,7.694357114,45.07163048
1,948,6,7.694357114,45.07163048
2,948,10,7.694357114,45.07163048
1,948,11,7.694357114,45.07163048
2,948,14,7.694357114,45.07163048
5,948,16,7.694357114,45.07163048
3,948,18,7.694357114,45.07163048
3,948,19,7.694357114,45.07163048
1,949,1,7.700710868,45.07163048
1,949,11,7.700710868,45.07163048
1,949,13,7.700710868,45.07163048
1,949,15,7.700710868,45.07163048
1,949,16,7.700710868,45.07163048
2,949,20,7.700710868,45.07163048
1,950,13,7.707064621,45.07163048
1,950,19,7.707064621,45.07163048
1,951,12,7.713418374,45.07163048
1,951,13,7.713418374,45.07163048
2,951,20,7.713418374,45.07163048
1,952,0,7.719772127,45.07163048
1,952,9,7.719772127,45.07163048
1,952,11,7.719772127,45.07163048
1,953,0,7.726125881,45.07163048
1,953,10,7.726125881,45.07163048
1,953,12,7.726125881,45.07163048
1,953,13,7.726125881,45.07163048
1,953,19,7.726125881,45.07163048
1,976,18,7.618112075,45.07612568
1,977,3,7.624465829,45.07612568
1,977,10,7.624465829,45.07612568
1,977,13,7.624465829,45.07612568
1,977,18,7.624465829,45.07612568
2,978,15,7.630819582,45.07612568
1,978,16,7.630819582,45.07612568
1,978,17,7.630819582,45.07612568
1,978,19,7.630819582,45.07612568
1,978,20,7.630819582,45.07612568
1,979,2,7.637173335,45.07612568
1,979,9,7.637173335,45.07612568
1,979,15,7.637173335,45.07612568
3,979,19,7.637173335,45.07612568
1,979,20,7.637173335,45.07612568
1,979,23,7.637173335,45.07612568
1,980,0,7.643527088,45.07612568
1,980,4,7.643527088,45.07612568
1,980,10,7.643527088,45.07612568
1,980,11,7.643527088,45.07612568
1,980,16,7.643527088,45.07612568
3,980,18,7.643527088,45.07612568
1,980,20,7.643527088,45.07612568
2,981,0,7.649880842,45.07612568
1,981,1,7.649880842,45.07612568
1,981,3,7.649880842,45.07612568
1,981,9,7.649880842,45.07612568
1,981,10,7.649880842,45.07612568
1,981,11,7.649880842,45.07612568
1,981,13,7.649880842,45.07612568
1,981,15,7.649880842,45.07612568
1,981,16,7.649880842,45.07612568
2,981,17,7.649880842,45.07612568
2,981,18,7.649880842,45.07612568
1,981,19,7.649880842,45.07612568
4,981,20,7.649880842,45.07612568
1,982,0,7.656234595,45.07612568
1,982,2,7.656234595,45.07612568
1,982,11,7.656234595,45.07612568
2,982,13,7.656234595,45.07612568
2,982,16,7.656234595,45.07612568
5,982,18,7.656234595,45.07612568
1,982,19,7.656234595,45.07612568
1,982,20,7.656234595,45.07612568
1,982,22,7.656234595,45.07612568
1,982,23,7.656234595,45.07612568
1,983,0,7.662588348,45.07612568
1,983,9,7.662588348,45.07612568
1,983,11,7.662588348,45.07612568
1,983,13,7.662588348,45.07612568
3,983,15,7.662588348,45.07612568
2,983,16,7.662588348,45.07612568
3,983,17,7.662588348,45.07612568
2,983,18,7.662588348,45.07612568
3,983,19,7.662588348,45.07612568
1,983,21,7.662588348,45.07612568
1,984,2,7.668942101,45.07612568
1,984,4,7.668942101,45.07612568
1,984,5,7.668942101,45.07612568
1,984,9,7.668942101,45.07612568
1,984,11,7.668942101,45.07612568
2,984,12,7.668942101,45.07612568
1,984,14,7.668942101,45.07612568
2,984,15,7.668942101,45.07612568
1,984,16,7.668942101,45.07612568
2,984,17,7.668942101,45.07612568
1,984,18,7.668942101,45.07612568
3,984,20,7.668942101,45.07612568
2,984,21,7.668942101,45.07612568
1,984,22,7.668942101,45.07612568
1,985,0,7.675295855,45.07612568
1,985,1,7.675295855,45.07612568
2,985,9,7.675295855,45.07612568
4,985,10,7.675295855,45.07612568
6,985,11,7.675295855,45.07612568
3,985,12,7.675295855,45.07612568
2,985,14,7.675295855,45.07612568
1,985,15,7.675295855,45.07612568
3,985,17,7.675295855,45.07612568
3,985,18,7.675295855,45.07612568
2,985,19,7.675295855,45.07612568
1,985,20,7.675295855,45.07612568
1,985,22,7.675295855,45.07612568
2,985,23,7.675295855,45.07612568
1,986,3,7.681649608,45.07612568
1,986,8,7.681649608,45.07612568
1,986,9,7.681649608,45.07612568
2,986,10,7.681649608,45.07612568
1,986,12,7.681649608,45.07612568
2,986,13,7.681649608,45.07612568
2,986,16,7.681649608,45.07612568
2,986,17,7.681649608,45.07612568
3,986,18,7.681649608,45.07612568
1,986,22,7.681649608,45.07612568
3,986,23,7.681649608,45.07612568
3,987,1,7.688003361,45.07612568
1,987,2,7.688003361,45.07612568
1,987,6,7.688003361,45.07612568
2,987,8,7.688003361,45.07612568
2,987,12,7.688003361,45.07612568
1,987,14,7.688003361,45.07612568
1,987,17,7.688003361,45.07612568
1,987,19,7.688003361,45.07612568
1,988,2,7.694357114,45.07612568
1,988,11,7.694357114,45.07612568
1,988,13,7.694357114,45.07612568
1,988,15,7.694357114,45.07612568
1,988,17,7.694357114,45.07612568
1,988,20,7.694357114,45.07612568
2,988,21,7.694357114,45.07612568
1,989,4,7.700710868,45.07612568
3,989,14,7.700710868,45.07612568
1,991,12,7.713418374,45.07612568
1,1016,3,7.618112075,45.08062088
1,1016,12,7.618112075,45.08062088
1,1016,13,7.618112075,45.08062088
1,1016,18,7.618112075,45.08062088
1,1017,3,7.624465829,45.08062088
1,1017,10,7.624465829,45.08062088
2,1017,16,7.624465829,45.08062088
1,1017,17,7.624465829,45.08062088
1,1017,19,7.624465829,45.08062088
2,1018,11,7.630819582,45.08062088
1,1018,14,7.630819582,45.08062088
1,1018,15,7.630819582,45.08062088
2,1018,16,7.630819582,45.08062088
1,1018,19,7.630819582,45.08062088
3,1019,4,7.637173335,45.08062088
1,1019,10,7.637173335,45.08062088
1,1019,12,7.637173335,45.08062088
2,1019,17,7.637173335,45.08062088
1,1019,21,7.637173335,45.08062088
1,1020,14,7.643527088,45.08062088
1,1020,15,7.643527088,45.08062088
1,1020,16,7.643527088,45.08062088
1,1020,19,7.643527088,45.08062088
2,1020,22,7.643527088,45.08062088
1,1021,10,7.649880842,45.08062088
2,1021,17,7.649880842,45.08062088
2,1021,18,7.649880842,45.08062088
1,1021,19,7.649880842,45.08062088
1,1021,21,7.649880842,45.08062088
1,1022,2,7.656234595,45.08062088
1,1022,6,7.656234595,45.08062088
1,1022,12,7.656234595,45.08062088
1,1022,14,7.656234595,45.08062088
1,1022,16,7.656234595,45.08062088
1,1022,17,7.656234595,45.08062088
1,1022,18,7.656234595,45.08062088
1,1022,20,7.656234595,45.08062088
1,1022,21,7.656234595,45.08062088
1,1022,22,7.656234595,45.08062088
1,1023,0,7.662588348,45.08062088
1,1023,2,7.662588348,45.08062088
1,1023,3,7.662588348,45.08062088
3,1023,6,7.662588348,45.08062088
1,1023,7,7.662588348,45.08062088
1,1023,10,7.662588348,45.08062088
1,1023,11,7.662588348,45.08062088
1,1023,13,7.662588348,45.08062088
1,1023,14,7.662588348,45.08062088
1,1023,15,7.662588348,45.08062088
2,1023,16,7.662588348,45.08062088
2,1023,17,7.662588348,45.08062088
1,1023,18,7.662588348,45.08062088
2,1023,19,7.662588348,45.08062088
3,1023,20,7.662588348,45.08062088
1,1023,21,7.662588348,45.08062088
1,1023,22,7.662588348,45.08062088
2,1023,23,7.662588348,45.08062088
2,1024,0,7.668942101,45.08062088
2,1024,1,7.668942101,45.08062088
1,1024,10,7.668942101,45.08062088
2,1024,11,7.668942101,45.08062088
3,1024,12,7.668942101,45.08062088
2,1024,13,7.668942101,45.08062088
1,1024,14,7.668942101,45.08062088
1,1024,15,7.668942101,45.08062088
1,1024,16,7.668942101,45.08062088
1,1024,17,7.668942101,45.08062088
1,1024,19,7.668942101,45.08062088
1,1024,20,7.668942101,45.08062088
1,1024,21,7.668942101,45.08062088
2,1025,1,7.675295855,45.08062088
1,1025,4,7.675295855,45.08062088
1,1025,11,7.675295855,45.08062088
1,1025,18,7.675295855,45.08062088
1,1025,19,7.675295855,45.08062088
2,1025,20,7.675295855,45.08062088
1,1026,3,7.681649608,45.08062088
2,1026,10,7.681649608,45.08062088
1,1026,11,7.681649608,45.08062088
2,1026,13,7.681649608,45.08062088
1,1026,14,7.681649608,45.08062088
1,1026,16,7.681649608,45.08062088
1,1026,19,7.681649608,45.08062088
1,1026,21,7.681649608,45.08062088
1,1026,22,7.681649608,45.08062088
1,1027,0,7.688003361,45.08062088
2,1027,2,7.688003361,45.08062088
1,1027,4,7.688003361,45.08062088
3,1027,15,7.688003361,45.08062088
1,1027,17,7.688003361,45.08062088
2,1027,19,7.688003361,45.08062088
3,1028,0,7.694357114,45.08062088
1,1028,3,7.694357114,45.08062088
2,1028,9,7.694357114,45.08062088
4,1028,13,7.694357114,45.08062088
1,1028,18,7.694357114,45.08062088
1,1029,10,7.700710868,45.08062088
1,1029,12,7.700710868,45.08062088
1,1061,14,7.649880842,45.08511607
1,1061,16,7.649880842,45.08511607
1,1062,7,7.656234595,45.08511607
1,1062,9,7.656234595,45.08511607
1,1062,13,7.656234595,45.08511607
1,1063,7,7.662588348,45.08511607
1,1063,12,7.662588348,45.08511607
1,1063,14,7.662588348,45.08511607
2,1063,17,7.662588348,45.08511607
1,1064,7,7.668942101,45.08511607
1,1064,11,7.668942101,45.08511607
1,1064,12,7.668942101,45.08511607
1,1064,14,7.668942101,45.08511607
1,1064,16,7.668942101,45.08511607
1,1064,18,7.668942101,45.08511607
1,1064,19,7.668942101,45.08511607
2,1064,21,7.668942101,45.08511607
1,1064,22,7.668942101,45.08511607
1,1065,10,7.675295855,45.08511607
1,1065,15,7.675295855,45.08511607
2,1065,16,7.675295855,45.08511607
1,1065,20,7.675295855,45.08511607
1,1066,8,7.681649608,45.08511607
1,1066,9,7.681649608,45.08511607
2,1066,16,7.681649608,45.08511607
1,1066,18,7.681649608,45.08511607
4,1066,19,7.681649608,45.08511607
1,1066,23,7.681649608,45.08511607
1,1067,2,7.688003361,45.08511607
1,1067,15,7.688003361,45.08511607
1,1067,16,7.688003361,45.08511607
1,1067,18,7.688003361,45.08511607
1,1068,14,7.694357114,45.08511607
1,1068,17,7.694357114,45.08511607
1,1069,0,7.700710868,45.08511607
1,1069,4,7.700710868,45.08511607
1,1069,10,7.700710868,45.08511607
2,1069,11,7.700710868,45.08511607
2,1069,14,7.700710868,45.08511607
1,1069,17,7.700710868,45.08511607
1,1069,18,7.700710868,45.08511607
1,1069,21,7.700710868,45.08511607
1,1069,22,7.700710868,45.08511607
1,1070,0,7.707064621,45.08511607
1,1070,5,7.707064621,45.08511607
1,1070,11,7.707064621,45.08511607
1,1070,20,7.707064621,45.08511607
1,1102,11,7.656234595,45.08961127
4,1102,12,7.656234595,45.08961127
1,1102,16,7.656234595,45.08961127
1,1102,18,7.656234595,45.08961127
1,1102,19,7.656234595,45.08961127
2,1102,21,7.656234595,45.08961127
1,1103,11,7.662588348,45.08961127
1,1103,23,7.662588348,45.08961127
1,1104,1,7.668942101,45.08961127
1,1104,12,7.668942101,45.08961127
1,1104,15,7.668942101,45.08961127
1,1104,16,7.668942101,45.08961127
1,1104,18,7.668942101,45.08961127
1,1104,19,7.668942101,45.08961127
1,1105,1,7.675295855,45.08961127
1,1105,11,7.675295855,45.08961127
2,1105,14,7.675295855,45.08961127
1,1105,16,7.675295855,45.08961127
1,1106,0,7.681649608,45.08961127
1,1106,1,7.681649608,45.08961127
1,1106,8,7.681649608,45.08961127
1,1106,9,7.681649608,45.08961127
1,1106,11,7.681649608,45.08961127
1,1106,12,7.681649608,45.08961127
2,1106,16,7.681649608,45.08961127
1,1106,19,7.681649608,45.08961127
1,1107,3,7.688003361,45.08961127
1,1107,16,7.688003361,45.08961127
1,1107,19,7.688003361,45.08961127
1,1108,1,7.694357114,45.08961127
2,1108,12,7.694357114,45.08961127
1,1108,17,7.694357114,45.08961127
1,1108,20,7.694357114,45.08961127
1,1109,16,7.700710868,45.08961127
1,1110,11,7.707064621,45.08961127
1,1110,12,7.707064621,45.08961127
1,1110,18,7.707064621,45.08961127
1,1110,21,7.707064621,45.08961127
1,1111,9,7.713418374,45.08961127
1,1111,16,7.713418374,45.08961127
1,1112,11,7.719772127,45.08961127
1,1112,16,7.719772127,45.08961127
1,1141,7,7.649880842,45.09410647
1,1141,18,7.649880842,45.09410647
1,1142,12,7.656234595,45.09410647
1,1142,13,7.656234595,45.09410647
1,1142,15,7.656234595,45.09410647
1,1142,20,7.656234595,45.09410647
2,1143,13,7.662588348,45.09410647
1,1143,16,7.662588348,45.09410647
2,1143,18,7.662588348,45.09410647
1,1143,22,7.662588348,45.09410647
1,1144,17,7.668942101,45.09410647
1,1144,20,7.668942101,45.09410647
1,1145,17,7.675295855,45.09410647
1,1145,19,7.675295855,45.09410647
1,1146,4,7.681649608,45.09410647
1,1146,13,7.681649608,45.09410647
1,1148,7,7.694357114,45.09410647
2,1148,9,7.694357114,45.09410647
1,1148,11,7.694357114,45.09410647
1,1148,14,7.694357114,45.09410647
1,1148,16,7.694357114,45.09410647
1,1148,19,7.694357114,45.09410647
2,1148,21,7.694357114,45.09410647
2,1148,23,7.694357114,45.09410647
1,1149,7,7.700710868,45.09410647
1,1149,12,7.700710868,45.09410647
1,1149,19,7.700710868,45.09410647
1,1150,0,7.707064621,45.09410647
1,1150,1,7.707064621,45.09410647
1,1150,8,7.707064621,45.09410647
1,1150,14,7.707064621,45.09410647
1,1151,15,7.713418374,45.09410647
2,1151,16,7.713418374,45.09410647
1,1152,9,7.719772127,45.09410647
1,1152,16,7.719772127,45.09410647
1,1179,3,7.637173335,45.09860166
1,1179,12,7.637173335,45.09860166
1,1179,15,7.637173335,45.09860166
1,1179,16,7.637173335,45.09860166
1,1179,17,7.637173335,45.09860166
1,1179,18,7.637173335,45.09860166
4,1179,19,7.637173335,45.09860166
1,1179,23,7.637173335,45.09860166
1,1180,0,7.643527088,45.09860166
1,1180,2,7.643527088,45.09860166
1,1180,7,7.643527088,45.09860166
1,1180,9,7.643527088,45.09860166
2,1180,11,7.643527088,45.09860166
1,1180,14,7.643527088,45.09860166
3,1180,18,7.643527088,45.09860166
1,1180,19,7.643527088,45.09860166
2,1180,20,7.643527088,45.09860166
2,1180,22,7.643527088,45.09860166
1,1181,1,7.649880842,45.09860166
2,1181,13,7.649880842,45.09860166
1,1181,17,7.649880842,45.09860166
1,1181,18,7.649880842,45.09860166
2,1181,19,7.649880842,45.09860166
1,1181,22,7.649880842,45.09860166
1,1182,12,7.656234595,45.09860166
1,1182,23,7.656234595,45.09860166
1,1183,1,7.662588348,45.09860166
1,1183,9,7.662588348,45.09860166
2,1183,11,7.662588348,45.09860166
2,1183,12,7.662588348,45.09860166
2,1183,19,7.662588348,45.09860166
1,1183,21,7.662588348,45.09860166
1,1184,7,7.668942101,45.09860166
1,1184,8,7.668942101,45.09860166
1,1184,15,7.668942101,45.09860166
1,1184,16,7.668942101,45.09860166
1,1184,17,7.668942101,45.09860166
1,1184,21,7.668942101,45.09860166
1,1185,7,7.675295855,45.09860166
2,1185,10,7.675295855,45.09860166
1,1185,12,7.675295855,45.09860166
1,1185,14,7.675295855,45.09860166
1,1185,19,7.675295855,45.09860166
1,1185,20,7.675295855,45.09860166
1,1185,21,7.675295855,45.09860166
1,1186,2,7.681649608,45.09860166
1,1188,4,7.694357114,45.09860166
1,1188,10,7.694357114,45.09860166
1,1188,12,7.694357114,45.09860166
2,1188,14,7.694357114,45.09860166
1,1188,16,7.694357114,45.09860166
2,1188,17,7.694357114,45.09860166
1,1189,9,7.700710868,45.09860166
1,1189,10,7.700710868,45.09860166
1,1189,11,7.700710868,45.09860166
1,1190,10,7.707064621,45.09860166
1,1219,4,7.637173335,45.10309686
1,1219,12,7.637173335,45.10309686
1,1219,14,7.637173335,45.10309686
2,1219,16,7.637173335,45.10309686
1,1219,18,7.637173335,45.10309686
4,1219,20,7.637173335,45.10309686
1,1219,22,7.637173335,45.10309686
1,1220,1,7.643527088,45.10309686
1,1220,6,7.643527088,45.10309686
3,1220,13,7.643527088,45.10309686
1,1220,14,7.643527088,45.10309686
3,1220,16,7.643527088,45.10309686
1,1220,17,7.643527088,45.10309686
1,1220,18,7.643527088,45.10309686
4,1220,19,7.643527088,45.10309686
1,1220,20,7.643527088,45.10309686
2,1220,22,7.643527088,45.10309686
1,1221,12,7.649880842,45.10309686
1,1221,14,7.649880842,45.10309686
1,1221,17,7.649880842,45.10309686
5,1221,18,7.649880842,45.10309686
3,1221,19,7.649880842,45.10309686
1,1221,20,7.649880842,45.10309686
1,1221,21,7.649880842,45.10309686
2,1221,22,7.649880842,45.10309686
4,1221,23,7.649880842,45.10309686
1,1222,11,7.656234595,45.10309686
1,1223,9,7.662588348,45.10309686
1,1223,11,7.662588348,45.10309686
1,1223,13,7.662588348,45.10309686
1,1223,16,7.662588348,45.10309686
1,1223,18,7.662588348,45.10309686
1,1224,6,7.668942101,45.10309686
2,1224,13,7.668942101,45.10309686
1,1224,22,7.668942101,45.10309686
1,1225,1,7.675295855,45.10309686
1,1225,6,7.675295855,45.10309686
1,1225,11,7.675295855,45.10309686
1,1225,19,7.675295855,45.10309686
1,1226,9,7.681649608,45.10309686
1,1226,14,7.681649608,45.10309686
1,1226,20,7.681649608,45.10309686
1,1228,5,7.694357114,45.10309686
1,1229,10,7.700710868,45.10309686
1,1229,13,7.700710868,45.10309686
2,1229,14,7.700710868,45.10309686
1,1229,20,7.700710868,45.10309686
3,1260,12,7.643527088,45.10759206
1,1260,14,7.643527088,45.10759206
1,1260,15,7.643527088,45.10759206
2,1260,16,7.643527088,45.10759206
1,1260,17,7.643527088,45.10759206
1,1260,18,7.643527088,45.10759206
1,1260,20,7.643527088,45.10759206
1,1260,21,7.643527088,45.10759206
1,1261,8,7.649880842,45.10759206
1,1261,11,7.649880842,45.10759206
1,1261,18,7.649880842,45.10759206
2,1261,19,7.649880842,45.10759206
1,1261,20,7.649880842,45.10759206
2,1261,23,7.649880842,45.10759206
3,1262,8,7.656234595,45.10759206
1,1262,9,7.656234595,45.10759206
1,1262,10,7.656234595,45.10759206
1,1262,11,7.656234595,45.10759206
2,1262,12,7.656234595,45.10759206
5,1262,13,7.656234595,45.10759206
1,1262,14,7.656234595,45.10759206
2,1262,15,7.656234595,45.10759206
1,1262,16,7.656234595,45.10759206
3,1262,17,7.656234595,45.10759206
1,1262,18,7.656234595,45.10759206
2,1262,19,7.656234595,45.10759206
1,1262,20,7.656234595,45.10759206
4,1262,21,7.656234595,45.10759206
3,1262,22,7.656234595,45.10759206
1,1262,23,7.656234595,45.10759206
