number,long,lat,total,,,
0,7.516452023,44.96824095,0,,,
1,7.522805776,44.96824095,0,,,
2,7.52915953,44.96824095,0,,,
3,7.535513283,44.96824095,0,,,
4,7.541867036,44.96824095,0,,,
5,7.548220789,44.96824095,0,,,
6,7.554574543,44.96824095,0,,,
7,7.560928296,44.96824095,0,,,
8,7.567282049,44.96824095,0,,,
9,7.573635802,44.96824095,0,,,
10,7.579989556,44.96824095,0,,,
11,7.586343309,44.96824095,0,,,
12,7.592697062,44.96824095,0,,,
13,7.599050816,44.96824095,0,,,
14,7.605404569,44.96824095,0,,,
15,7.611758322,44.96824095,0,,,
16,7.618112075,44.96824095,0,,,
17,7.624465829,44.96824095,0,,,
18,7.630819582,44.96824095,0,,,
19,7.637173335,44.96824095,0,,,
20,7.643527088,44.96824095,0,,,
21,7.649880842,44.96824095,0,,,
22,7.656234595,44.96824095,0,,,
23,7.662588348,44.96824095,0,,,
24,7.668942101,44.96824095,0,,,
25,7.675295855,44.96824095,0,,,
26,7.681649608,44.96824095,0,,,
27,7.688003361,44.96824095,0,,,
28,7.694357114,44.96824095,0,,,
29,7.700710868,44.96824095,0,,,
30,7.707064621,44.96824095,0,,,
31,7.713418374,44.96824095,0,,,
32,7.719772127,44.96824095,0,,,
33,7.726125881,44.96824095,0,,,
34,7.732479634,44.96824095,0,,,
35,7.738833387,44.96824095,0,,,
36,7.745187141,44.96824095,0,,,
37,7.751540894,44.96824095,0,,,
38,7.757894647,44.96824095,0,,,
39,7.7642484,44.96824095,0,,,
40,7.516452023,44.97273615,0,,,
41,7.522805776,44.97273615,0,,,
42,7.52915953,44.97273615,0,,,
43,7.535513283,44.97273615,0,,,
44,7.541867036,44.97273615,0,,,
45,7.548220789,44.97273615,0,,,
46,7.554574543,44.97273615,0,,,
47,7.560928296,44.97273615,0,,,
48,7.567282049,44.97273615,0,,,
49,7.573635802,44.97273615,0,,,
50,7.579989556,44.97273615,0,,,
51,7.586343309,44.97273615,0,,,
52,7.592697062,44.97273615,0,,,
53,7.599050816,44.97273615,0,,,
54,7.605404569,44.97273615,0,,,
55,7.611758322,44.97273615,0,,,
56,7.618112075,44.97273615,0,,,
57,7.624465829,44.97273615,0,,,
58,7.630819582,44.97273615,0,,,
59,7.637173335,44.97273615,0,,,
60,7.643527088,44.97273615,0,,,
61,7.649880842,44.97273615,0,,,
62,7.656234595,44.97273615,0,,,
63,7.662588348,44.97273615,0,,,
64,7.668942101,44.97273615,0,,,
65,7.675295855,44.97273615,0,,,
66,7.681649608,44.97273615,0,,,
67,7.688003361,44.97273615,0,,,
68,7.694357114,44.97273615,0,,,
69,7.700710868,44.97273615,0,,,
70,7.707064621,44.97273615,0,,,
71,7.713418374,44.97273615,0,,,
72,7.719772127,44.97273615,0,,,
73,7.726125881,44.97273615,0,,,
74,7.732479634,44.97273615,0,,,
75,7.738833387,44.97273615,0,,,
76,7.745187141,44.97273615,0,,,
77,7.751540894,44.97273615,0,,,
78,7.757894647,44.97273615,0,,,
79,7.7642484,44.97273615,0,,,
80,7.516452023,44.97723135,0,,,
81,7.522805776,44.97723135,0,,,
82,7.52915953,44.97723135,0,,,
83,7.535513283,44.97723135,0,,,
84,7.541867036,44.97723135,0,,,
85,7.548220789,44.97723135,0,,,
86,7.554574543,44.97723135,0,,,
87,7.560928296,44.97723135,0,,,
88,7.567282049,44.97723135,0,,,
89,7.573635802,44.97723135,0,,,
90,7.579989556,44.97723135,0,,,
91,7.586343309,44.97723135,0,,,
92,7.592697062,44.97723135,0,,,
93,7.599050816,44.97723135,0,,,
94,7.605404569,44.97723135,0,,,
95,7.611758322,44.97723135,0,,,
96,7.618112075,44.97723135,0,,,
97,7.624465829,44.97723135,0,,,
98,7.630819582,44.97723135,0,,,
99,7.637173335,44.97723135,0,,,
100,7.643527088,44.97723135,0,,,
101,7.649880842,44.97723135,0,,,
102,7.656234595,44.97723135,0,,,
103,7.662588348,44.97723135,0,,,
104,7.668942101,44.97723135,0,,,
105,7.675295855,44.97723135,0,,,
106,7.681649608,44.97723135,0,,,
107,7.688003361,44.97723135,0,,,
108,7.694357114,44.97723135,0,,,
109,7.700710868,44.97723135,0,,,
110,7.707064621,44.97723135,0,,,
111,7.713418374,44.97723135,0,,,
112,7.719772127,44.97723135,0,,,
113,7.726125881,44.97723135,0,,,
114,7.732479634,44.97723135,0,,,
115,7.738833387,44.97723135,0,,,
116,7.745187141,44.97723135,0,,,
117,7.751540894,44.97723135,0,,,
118,7.757894647,44.97723135,0,,,
119,7.7642484,44.97723135,0,,,
120,7.516452023,44.98172655,0,,,
121,7.522805776,44.98172655,0,,,
122,7.52915953,44.98172655,0,,,
123,7.535513283,44.98172655,0,,,
124,7.541867036,44.98172655,0,,,
125,7.548220789,44.98172655,0,,,
126,7.554574543,44.98172655,0,,,
127,7.560928296,44.98172655,0,,,
128,7.567282049,44.98172655,0,,,
129,7.573635802,44.98172655,0,,,
130,7.579989556,44.98172655,0,,,
131,7.586343309,44.98172655,0,,,
132,7.592697062,44.98172655,0,,,
133,7.599050816,44.98172655,0,,,
134,7.605404569,44.98172655,0,,,
135,7.611758322,44.98172655,0,,,
136,7.618112075,44.98172655,0,,,
137,7.624465829,44.98172655,0,,,
138,7.630819582,44.98172655,0,,,
139,7.637173335,44.98172655,0,,,
140,7.643527088,44.98172655,0,,,
141,7.649880842,44.98172655,0,,,
142,7.656234595,44.98172655,0,,,
143,7.662588348,44.98172655,0,,,
144,7.668942101,44.98172655,0,,,
145,7.675295855,44.98172655,0,,,
146,7.681649608,44.98172655,0,,,
147,7.688003361,44.98172655,0,,,
148,7.694357114,44.98172655,0,,,
149,7.700710868,44.98172655,0,,,
150,7.707064621,44.98172655,0,,,
151,7.713418374,44.98172655,0,,,
152,7.719772127,44.98172655,0,,,
153,7.726125881,44.98172655,0,,,
154,7.732479634,44.98172655,0,,,
155,7.738833387,44.98172655,0,,,
156,7.745187141,44.98172655,0,,,
157,7.751540894,44.98172655,0,,,
158,7.757894647,44.98172655,0,,,
159,7.7642484,44.98172655,0,,,
160,7.516452023,44.98622174,0,,,
161,7.522805776,44.98622174,0,,,
162,7.52915953,44.98622174,0,,,
163,7.535513283,44.98622174,0,,,
164,7.541867036,44.98622174,0,,,
165,7.548220789,44.98622174,0,,,
166,7.554574543,44.98622174,0,,,
167,7.560928296,44.98622174,0,,,
168,7.567282049,44.98622174,0,,,
169,7.573635802,44.98622174,0,,,
170,7.579989556,44.98622174,0,,,
171,7.586343309,44.98622174,0,,,
172,7.592697062,44.98622174,0,,,
173,7.599050816,44.98622174,0,,,
174,7.605404569,44.98622174,0,,,
175,7.611758322,44.98622174,0,,,
176,7.618112075,44.98622174,0,,,
177,7.624465829,44.98622174,0,,,
178,7.630819582,44.98622174,0,,,
179,7.637173335,44.98622174,0,,,
180,7.643527088,44.98622174,0,,,
181,7.649880842,44.98622174,0,,,
182,7.656234595,44.98622174,0,,,
183,7.662588348,44.98622174,0,,,
184,7.668942101,44.98622174,0,,,
185,7.675295855,44.98622174,0,,,
186,7.681649608,44.98622174,0,,,
187,7.688003361,44.98622174,0,,,
188,7.694357114,44.98622174,0,,,
189,7.700710868,44.98622174,0,,,
190,7.707064621,44.98622174,0,,,
191,7.713418374,44.98622174,0,,,
192,7.719772127,44.98622174,0,,,
193,7.726125881,44.98622174,0,,,
194,7.732479634,44.98622174,0,,,
195,7.738833387,44.98622174,0,,,
196,7.745187141,44.98622174,0,,,
197,7.751540894,44.98622174,0,,,
198,7.757894647,44.98622174,0,,,
199,7.7642484,44.98622174,0,,,
200,7.516452023,44.99071694,0,,,
201,7.522805776,44.99071694,0,,,
202,7.52915953,44.99071694,0,,,
203,7.535513283,44.99071694,0,,,
204,7.541867036,44.99071694,0,,,
205,7.548220789,44.99071694,0,,,
206,7.554574543,44.99071694,0,,,
207,7.560928296,44.99071694,0,,,
208,7.567282049,44.99071694,0,,,
209,7.573635802,44.99071694,0,,,
210,7.579989556,44.99071694,0,,,
211,7.586343309,44.99071694,0,,,
212,7.592697062,44.99071694,0,,,
213,7.599050816,44.99071694,0,,,
214,7.605404569,44.99071694,0,,,
215,7.611758322,44.99071694,0,,,
216,7.618112075,44.99071694,0,,,
217,7.624465829,44.99071694,0,,,
218,7.630819582,44.99071694,0,,,
219,7.637173335,44.99071694,0,,,
220,7.643527088,44.99071694,0,,,
221,7.649880842,44.99071694,0,,,
222,7.656234595,44.99071694,0,,,
223,7.662588348,44.99071694,0,,,
224,7.668942101,44.99071694,0,,,
225,7.675295855,44.99071694,0,,,
226,7.681649608,44.99071694,0,,,
227,7.688003361,44.99071694,0,,,
228,7.694357114,44.99071694,0,,,
229,7.700710868,44.99071694,0,,,
230,7.707064621,44.99071694,0,,,
231,7.713418374,44.99071694,0,,,
232,7.719772127,44.99071694,0,,,
233,7.726125881,44.99071694,0,,,
234,7.732479634,44.99071694,0,,,
235,7.738833387,44.99071694,0,,,
236,7.745187141,44.99071694,0,,,
237,7.751540894,44.99071694,0,,,
238,7.757894647,44.99071694,0,,,
239,7.7642484,44.99071694,0,,,
240,7.516452023,44.99521214,0,,,
241,7.522805776,44.99521214,0,,,
242,7.52915953,44.99521214,0,,,
243,7.535513283,44.99521214,0,,,
244,7.541867036,44.99521214,0,,,
245,7.548220789,44.99521214,0,,,
246,7.554574543,44.99521214,0,,,
247,7.560928296,44.99521214,0,,,
248,7.567282049,44.99521214,0,,,
249,7.573635802,44.99521214,0,,,
250,7.579989556,44.99521214,0,,,
251,7.586343309,44.99521214,0,,,
252,7.592697062,44.99521214,0,,,
253,7.599050816,44.99521214,0,,,
254,7.605404569,44.99521214,0,,,
255,7.611758322,44.99521214,0,,,
256,7.618112075,44.99521214,0,,,
257,7.624465829,44.99521214,0,,,
258,7.630819582,44.99521214,0,,,
259,7.637173335,44.99521214,0,,,
260,7.643527088,44.99521214,0,,,
261,7.649880842,44.99521214,0,,,
262,7.656234595,44.99521214,0,,,
263,7.662588348,44.99521214,0,,,
264,7.668942101,44.99521214,0,,,
265,7.675295855,44.99521214,0,,,
266,7.681649608,44.99521214,0,,,
267,7.688003361,44.99521214,0,,,
268,7.694357114,44.99521214,0,,,
269,7.700710868,44.99521214,0,,,
270,7.707064621,44.99521214,0,,,
271,7.713418374,44.99521214,0,,,
272,7.719772127,44.99521214,0,,,
273,7.726125881,44.99521214,0,,,
274,7.732479634,44.99521214,0,,,
275,7.738833387,44.99521214,0,,,
276,7.745187141,44.99521214,0,,,
277,7.751540894,44.99521214,0,,,
278,7.757894647,44.99521214,0,,,
279,7.7642484,44.99521214,0,,,
280,7.516452023,44.99970733,0,,,
281,7.522805776,44.99970733,0,,,
282,7.52915953,44.99970733,0,,,
283,7.535513283,44.99970733,0,,,
284,7.541867036,44.99970733,0,,,
285,7.548220789,44.99970733,0,,,
286,7.554574543,44.99970733,0,,,
287,7.560928296,44.99970733,0,,,
288,7.567282049,44.99970733,0,,,
289,7.573635802,44.99970733,0,,,
290,7.579989556,44.99970733,0,,,
291,7.586343309,44.99970733,0,,,
292,7.592697062,44.99970733,0,,,
293,7.599050816,44.99970733,0,,,
294,7.605404569,44.99970733,0,,,
295,7.611758322,44.99970733,0,,,
296,7.618112075,44.99970733,0,,,
297,7.624465829,44.99970733,0,,,
298,7.630819582,44.99970733,0,,,
299,7.637173335,44.99970733,0,,,
300,7.643527088,44.99970733,0,,,
301,7.649880842,44.99970733,0,,,
302,7.656234595,44.99970733,0,,,
303,7.662588348,44.99970733,0,,,
304,7.668942101,44.99970733,0,,,
305,7.675295855,44.99970733,0,,,
306,7.681649608,44.99970733,0,,,
307,7.688003361,44.99970733,0,,,
308,7.694357114,44.99970733,0,,,
309,7.700710868,44.99970733,0,,,
310,7.707064621,44.99970733,0,,,
311,7.713418374,44.99970733,0,,,
312,7.719772127,44.99970733,0,,,
313,7.726125881,44.99970733,0,,,
314,7.732479634,44.99970733,0,,,
315,7.738833387,44.99970733,0,,,
316,7.745187141,44.99970733,0,,,
317,7.751540894,44.99970733,0,,,
318,7.757894647,44.99970733,0,,,
319,7.7642484,44.99970733,0,,,
320,7.516452023,45.00420253,0,,,
321,7.522805776,45.00420253,0,,,
322,7.52915953,45.00420253,0,,,
323,7.535513283,45.00420253,0,,,
324,7.541867036,45.00420253,0,,,
325,7.548220789,45.00420253,0,,,
326,7.554574543,45.00420253,0,,,
327,7.560928296,45.00420253,0,,,
328,7.567282049,45.00420253,0,,,
329,7.573635802,45.00420253,0,,,
330,7.579989556,45.00420253,0,,,
331,7.586343309,45.00420253,0,,,
332,7.592697062,45.00420253,0,,,
333,7.599050816,45.00420253,0,,,
334,7.605404569,45.00420253,0,,,
335,7.611758322,45.00420253,0,,,
336,7.618112075,45.00420253,0,,,
337,7.624465829,45.00420253,0,,,
338,7.630819582,45.00420253,0,,,
339,7.637173335,45.00420253,0,,,
340,7.643527088,45.00420253,0,,,
341,7.649880842,45.00420253,0,,,
342,7.656234595,45.00420253,0,,,
343,7.662588348,45.00420253,0,,,
344,7.668942101,45.00420253,0,,,
345,7.675295855,45.00420253,0,,,
346,7.681649608,45.00420253,0,,,
347,7.688003361,45.00420253,0,,,
348,7.694357114,45.00420253,0,,,
349,7.700710868,45.00420253,0,,,
350,7.707064621,45.00420253,0,,,
351,7.713418374,45.00420253,0,,,
352,7.719772127,45.00420253,0,,,
353,7.726125881,45.00420253,0,,,
354,7.732479634,45.00420253,0,,,
355,7.738833387,45.00420253,0,,,
356,7.745187141,45.00420253,0,,,
357,7.751540894,45.00420253,0,,,
358,7.757894647,45.00420253,0,,,
359,7.7642484,45.00420253,0,,,
360,7.516452023,45.00869773,0,,,
361,7.522805776,45.00869773,0,,,
362,7.52915953,45.00869773,0,,,
363,7.535513283,45.00869773,0,,,
364,7.541867036,45.00869773,0,,,
365,7.548220789,45.00869773,0,,,
366,7.554574543,45.00869773,0,,,
367,7.560928296,45.00869773,0,,,
368,7.567282049,45.00869773,0,,,
369,7.573635802,45.00869773,0,,,
370,7.579989556,45.00869773,0,,,
371,7.586343309,45.00869773,0,,,
372,7.592697062,45.00869773,0,,,
373,7.599050816,45.00869773,0,,,
374,7.605404569,45.00869773,0,,,
375,7.611758322,45.00869773,0,,,
376,7.618112075,45.00869773,2,,,
377,7.624465829,45.00869773,80,,,
378,7.630819582,45.00869773,50,,,
379,7.637173335,45.00869773,22,,,
380,7.643527088,45.00869773,0,,,
381,7.649880842,45.00869773,71,,,
382,7.656234595,45.00869773,209,,,
383,7.662588348,45.00869773,0,,,
384,7.668942101,45.00869773,0,,,
385,7.675295855,45.00869773,0,,,
386,7.681649608,45.00869773,0,,,
387,7.688003361,45.00869773,0,,,
388,7.694357114,45.00869773,0,,,
389,7.700710868,45.00869773,0,,,
390,7.707064621,45.00869773,0,,,
391,7.713418374,45.00869773,0,,,
392,7.719772127,45.00869773,0,,,
393,7.726125881,45.00869773,0,,,
394,7.732479634,45.00869773,0,,,
395,7.738833387,45.00869773,0,,,
396,7.745187141,45.00869773,0,,,
397,7.751540894,45.00869773,0,,,
398,7.757894647,45.00869773,0,,,
399,7.7642484,45.00869773,0,,,
400,7.516452023,45.01319292,0,,,
401,7.522805776,45.01319292,0,,,
402,7.52915953,45.01319292,0,,,
403,7.535513283,45.01319292,0,,,
404,7.541867036,45.01319292,0,,,
405,7.548220789,45.01319292,0,,,
406,7.554574543,45.01319292,0,,,
407,7.560928296,45.01319292,0,,,
408,7.567282049,45.01319292,0,,,
409,7.573635802,45.01319292,0,,,
410,7.579989556,45.01319292,0,,,
411,7.586343309,45.01319292,0,,,
412,7.592697062,45.01319292,0,,,
413,7.599050816,45.01319292,0,,,
414,7.605404569,45.01319292,1,,,
415,7.611758322,45.01319292,45,,,
416,7.618112075,45.01319292,92,,,
417,7.624465829,45.01319292,157,,,
418,7.630819582,45.01319292,108,,,
419,7.637173335,45.01319292,194,,,
420,7.643527088,45.01319292,7,,,
421,7.649880842,45.01319292,167,,,
422,7.656234595,45.01319292,186,,,
423,7.662588348,45.01319292,305,,,
424,7.668942101,45.01319292,0,,,
425,7.675295855,45.01319292,0,,,
426,7.681649608,45.01319292,0,,,
427,7.688003361,45.01319292,0,,,
428,7.694357114,45.01319292,0,,,
429,7.700710868,45.01319292,0,,,
430,7.707064621,45.01319292,0,,,
431,7.713418374,45.01319292,0,,,
432,7.719772127,45.01319292,0,,,
433,7.726125881,45.01319292,0,,,
434,7.732479634,45.01319292,0,,,
435,7.738833387,45.01319292,0,,,
436,7.745187141,45.01319292,0,,,
437,7.751540894,45.01319292,0,,,
438,7.757894647,45.01319292,0,,,
439,7.7642484,45.01319292,0,,,
440,7.516452023,45.01768812,0,,,
441,7.522805776,45.01768812,0,,,
442,7.52915953,45.01768812,0,,,
443,7.535513283,45.01768812,0,,,
444,7.541867036,45.01768812,0,,,
445,7.548220789,45.01768812,0,,,
446,7.554574543,45.01768812,0,,,
447,7.560928296,45.01768812,0,,,
448,7.567282049,45.01768812,0,,,
449,7.573635802,45.01768812,0,,,
450,7.579989556,45.01768812,0,,,
451,7.586343309,45.01768812,0,,,
452,7.592697062,45.01768812,0,,,
453,7.599050816,45.01768812,0,,,
454,7.605404569,45.01768812,0,,,
455,7.611758322,45.01768812,198,,,
456,7.618112075,45.01768812,106,,,
457,7.624465829,45.01768812,82,,,
458,7.630819582,45.01768812,87,,,
459,7.637173335,45.01768812,166,,,
460,7.643527088,45.01768812,211,,,
461,7.649880842,45.01768812,187,,,
462,7.656234595,45.01768812,192,,,
463,7.662588348,45.01768812,183,,,
464,7.668942101,45.01768812,82,,,
465,7.675295855,45.01768812,0,,,
466,7.681649608,45.01768812,0,,,
467,7.688003361,45.01768812,0,,,
468,7.694357114,45.01768812,0,,,
469,7.700710868,45.01768812,0,,,
470,7.707064621,45.01768812,0,,,
471,7.713418374,45.01768812,0,,,
472,7.719772127,45.01768812,0,,,
473,7.726125881,45.01768812,0,,,
474,7.732479634,45.01768812,0,,,
475,7.738833387,45.01768812,0,,,
476,7.745187141,45.01768812,0,,,
477,7.751540894,45.01768812,0,,,
478,7.757894647,45.01768812,0,,,
479,7.7642484,45.01768812,0,,,
480,7.516452023,45.02218332,0,,,
481,7.522805776,45.02218332,0,,,
482,7.52915953,45.02218332,0,,,
483,7.535513283,45.02218332,0,,,
484,7.541867036,45.02218332,0,,,
485,7.548220789,45.02218332,0,,,
486,7.554574543,45.02218332,0,,,
487,7.560928296,45.02218332,0,,,
488,7.567282049,45.02218332,0,,,
489,7.573635802,45.02218332,0,,,
490,7.579989556,45.02218332,0,,,
491,7.586343309,45.02218332,0,,,
492,7.592697062,45.02218332,0,,,
493,7.599050816,45.02218332,0,,,
494,7.605404569,45.02218332,0,,,
495,7.611758322,45.02218332,0,,,
496,7.618112075,45.02218332,0,,,
497,7.624465829,45.02218332,0,,,
498,7.630819582,45.02218332,0,,,
499,7.637173335,45.02218332,257,,,
500,7.643527088,45.02218332,327,,,
501,7.649880842,45.02218332,73,,,
502,7.656234595,45.02218332,239,,,
503,7.662588348,45.02218332,39,,,
504,7.668942101,45.02218332,120,,,
505,7.675295855,45.02218332,0,,,
506,7.681649608,45.02218332,0,,,
507,7.688003361,45.02218332,0,,,
508,7.694357114,45.02218332,0,,,
509,7.700710868,45.02218332,0,,,
510,7.707064621,45.02218332,0,,,
511,7.713418374,45.02218332,0,,,
512,7.719772127,45.02218332,0,,,
513,7.726125881,45.02218332,0,,,
514,7.732479634,45.02218332,0,,,
515,7.738833387,45.02218332,0,,,
516,7.745187141,45.02218332,0,,,
517,7.751540894,45.02218332,0,,,
518,7.757894647,45.02218332,0,,,
519,7.7642484,45.02218332,0,,,
520,7.516452023,45.02667851,0,,,
521,7.522805776,45.02667851,0,,,
522,7.52915953,45.02667851,0,,,
523,7.535513283,45.02667851,0,,,
524,7.541867036,45.02667851,0,,,
525,7.548220789,45.02667851,0,,,
526,7.554574543,45.02667851,0,,,
527,7.560928296,45.02667851,0,,,
528,7.567282049,45.02667851,0,,,
529,7.573635802,45.02667851,0,,,
530,7.579989556,45.02667851,0,,,
531,7.586343309,45.02667851,0,,,
532,7.592697062,45.02667851,0,,,
533,7.599050816,45.02667851,0,,,
534,7.605404569,45.02667851,0,,,
535,7.611758322,45.02667851,0,,,
536,7.618112075,45.02667851,0,,,
537,7.624465829,45.02667851,0,,,
538,7.630819582,45.02667851,0,,,
539,7.637173335,45.02667851,156,,,
540,7.643527088,45.02667851,131,,,
541,7.649880842,45.02667851,153,,,
542,7.656234595,45.02667851,105,,,
543,7.662588348,45.02667851,5,,,
544,7.668942101,45.02667851,349,,,
545,7.675295855,45.02667851,213,,,
546,7.681649608,45.02667851,38,,,
547,7.688003361,45.02667851,0,,,
548,7.694357114,45.02667851,0,,,
549,7.700710868,45.02667851,0,,,
550,7.707064621,45.02667851,0,,,
551,7.713418374,45.02667851,0,,,
552,7.719772127,45.02667851,0,,,
553,7.726125881,45.02667851,0,,,
554,7.732479634,45.02667851,0,,,
555,7.738833387,45.02667851,0,,,
556,7.745187141,45.02667851,0,,,
557,7.751540894,45.02667851,0,,,
558,7.757894647,45.02667851,0,,,
559,7.7642484,45.02667851,0,,,
560,7.516452023,45.03117371,0,,,
561,7.522805776,45.03117371,0,,,
562,7.52915953,45.03117371,0,,,
563,7.535513283,45.03117371,0,,,
564,7.541867036,45.03117371,0,,,
565,7.548220789,45.03117371,0,,,
566,7.554574543,45.03117371,0,,,
567,7.560928296,45.03117371,0,,,
568,7.567282049,45.03117371,0,,,
569,7.573635802,45.03117371,0,,,
570,7.579989556,45.03117371,0,,,
571,7.586343309,45.03117371,0,,,
572,7.592697062,45.03117371,0,,,
573,7.599050816,45.03117371,0,,,
574,7.605404569,45.03117371,0,,,
575,7.611758322,45.03117371,0,,,
576,7.618112075,45.03117371,16,,,
577,7.624465829,45.03117371,217,,,
578,7.630819582,45.03117371,55,,,
579,7.637173335,45.03117371,156,,,
580,7.643527088,45.03117371,231,,,
581,7.649880842,45.03117371,297,,,
582,7.656234595,45.03117371,309,,,
583,7.662588348,45.03117371,2,,,
584,7.668942101,45.03117371,551,,,
585,7.675295855,45.03117371,129,,,
586,7.681649608,45.03117371,102,,,
587,7.688003361,45.03117371,0,,,
588,7.694357114,45.03117371,0,,,
589,7.700710868,45.03117371,0,,,
590,7.707064621,45.03117371,0,,,
591,7.713418374,45.03117371,0,,,
592,7.719772127,45.03117371,0,,,
593,7.726125881,45.03117371,0,,,
594,7.732479634,45.03117371,0,,,
595,7.738833387,45.03117371,0,,,
596,7.745187141,45.03117371,0,,,
597,7.751540894,45.03117371,0,,,
598,7.757894647,45.03117371,0,,,
599,7.7642484,45.03117371,0,,,
600,7.516452023,45.03566891,0,,,
601,7.522805776,45.03566891,0,,,
602,7.52915953,45.03566891,0,,,
603,7.535513283,45.03566891,0,,,
604,7.541867036,45.03566891,0,,,
605,7.548220789,45.03566891,0,,,
606,7.554574543,45.03566891,0,,,
607,7.560928296,45.03566891,0,,,
608,7.567282049,45.03566891,0,,,
609,7.573635802,45.03566891,0,,,
610,7.579989556,45.03566891,0,,,
611,7.586343309,45.03566891,0,,,
612,7.592697062,45.03566891,0,,,
613,7.599050816,45.03566891,0,,,
614,7.605404569,45.03566891,0,,,
615,7.611758322,45.03566891,0,,,
616,7.618112075,45.03566891,153,,,
617,7.624465829,45.03566891,195,,,
618,7.630819582,45.03566891,137,,,
619,7.637173335,45.03566891,199,,,
620,7.643527088,45.03566891,358,,,
621,7.649880842,45.03566891,196,,,
622,7.656234595,45.03566891,346,,,
623,7.662588348,45.03566891,114,,,
624,7.668942101,45.03566891,158,,,
625,7.675295855,45.03566891,95,,,
626,7.681649608,45.03566891,266,,,
627,7.688003361,45.03566891,0,,,
628,7.694357114,45.03566891,0,,,
629,7.700710868,45.03566891,0,,,
630,7.707064621,45.03566891,0,,,
631,7.713418374,45.03566891,0,,,
632,7.719772127,45.03566891,0,,,
633,7.726125881,45.03566891,0,,,
634,7.732479634,45.03566891,0,,,
635,7.738833387,45.03566891,0,,,
636,7.745187141,45.03566891,0,,,
637,7.751540894,45.03566891,0,,,
638,7.757894647,45.03566891,0,,,
639,7.7642484,45.03566891,0,,,
640,7.516452023,45.0401641,0,,,
641,7.522805776,45.0401641,0,,,
642,7.52915953,45.0401641,0,,,
643,7.535513283,45.0401641,0,,,
644,7.541867036,45.0401641,0,,,
645,7.548220789,45.0401641,0,,,
646,7.554574543,45.0401641,0,,,
647,7.560928296,45.0401641,0,,,
648,7.567282049,45.0401641,0,,,
649,7.573635802,45.0401641,0,,,
650,7.579989556,45.0401641,0,,,
651,7.586343309,45.0401641,0,,,
652,7.592697062,45.0401641,0,,,
653,7.599050816,45.0401641,0,,,
654,7.605404569,45.0401641,0,,,
655,7.611758322,45.0401641,0,,,
656,7.618112075,45.0401641,0,,,
657,7.624465829,45.0401641,130,,,
658,7.630819582,45.0401641,207,,,
659,7.637173335,45.0401641,150,,,
660,7.643527088,45.0401641,260,,,
661,7.649880842,45.0401641,213,,,
662,7.656234595,45.0401641,185,,,
663,7.662588348,45.0401641,171,,,
664,7.668942101,45.0401641,301,,,
665,7.675295855,45.0401641,576,,,
666,7.681649608,45.0401641,235,,,
667,7.688003361,45.0401641,10,,,
668,7.694357114,45.0401641,0,,,
669,7.700710868,45.0401641,0,,,
670,7.707064621,45.0401641,0,,,
671,7.713418374,45.0401641,0,,,
672,7.719772127,45.0401641,0,,,
673,7.726125881,45.0401641,0,,,
674,7.732479634,45.0401641,0,,,
675,7.738833387,45.0401641,0,,,
676,7.745187141,45.0401641,0,,,
677,7.751540894,45.0401641,0,,,
678,7.757894647,45.0401641,0,,,
679,7.7642484,45.0401641,0,,,
680,7.516452023,45.0446593,0,,,
681,7.522805776,45.0446593,0,,,
682,7.52915953,45.0446593,0,,,
683,7.535513283,45.0446593,0,,,
684,7.541867036,45.0446593,0,,,
685,7.548220789,45.0446593,0,,,
686,7.554574543,45.0446593,0,,,
687,7.560928296,45.0446593,0,,,
688,7.567282049,45.0446593,0,,,
689,7.573635802,45.0446593,0,,,
690,7.579989556,45.0446593,0,,,
691,7.586343309,45.0446593,0,,,
692,7.592697062,45.0446593,0,,,
693,7.599050816,45.0446593,0,,,
694,7.605404569,45.0446593,0,,,
695,7.611758322,45.0446593,0,,,
696,7.618112075,45.0446593,0,,,
697,7.624465829,45.0446593,67,,,
698,7.630819582,45.0446593,192,,,
699,7.637173335,45.0446593,236,,,
700,7.643527088,45.0446593,300,,,
701,7.649880842,45.0446593,241,,,
702,7.656234595,45.0446593,98,,,
703,7.662588348,45.0446593,517,,,
704,7.668942101,45.0446593,371,,,
705,7.675295855,45.0446593,568,,,
706,7.681649608,45.0446593,461,,,
707,7.688003361,45.0446593,0,,,
708,7.694357114,45.0446593,0,,,
709,7.700710868,45.0446593,0,,,
710,7.707064621,45.0446593,0,,,
711,7.713418374,45.0446593,0,,,
712,7.719772127,45.0446593,0,,,
713,7.726125881,45.0446593,0,,,
714,7.732479634,45.0446593,0,,,
715,7.738833387,45.0446593,0,,,
716,7.745187141,45.0446593,0,,,
717,7.751540894,45.0446593,0,,,
718,7.757894647,45.0446593,0,,,
719,7.7642484,45.0446593,0,,,
720,7.516452023,45.0491545,0,,,
721,7.522805776,45.0491545,0,,,
722,7.52915953,45.0491545,0,,,
723,7.535513283,45.0491545,0,,,
724,7.541867036,45.0491545,0,,,
725,7.548220789,45.0491545,0,,,
726,7.554574543,45.0491545,0,,,
727,7.560928296,45.0491545,0,,,
728,7.567282049,45.0491545,0,,,
729,7.573635802,45.0491545,0,,,
730,7.579989556,45.0491545,0,,,
731,7.586343309,45.0491545,0,,,
732,7.592697062,45.0491545,0,,,
733,7.599050816,45.0491545,0,,,
734,7.605404569,45.0491545,0,,,
735,7.611758322,45.0491545,390,,,
736,7.618112075,45.0491545,0,,,
737,7.624465829,45.0491545,72,,,
738,7.630819582,45.0491545,240,,,
739,7.637173335,45.0491545,266,,,
740,7.643527088,45.0491545,229,,,
741,7.649880842,45.0491545,510,,,
742,7.656234595,45.0491545,580,,,
743,7.662588348,45.0491545,773,,,
744,7.668942101,45.0491545,529,,,
745,7.675295855,45.0491545,675,,,
746,7.681649608,45.0491545,777,,,
747,7.688003361,45.0491545,59,,,
748,7.694357114,45.0491545,95,,,
749,7.700710868,45.0491545,0,,,
750,7.707064621,45.0491545,0,,,
751,7.713418374,45.0491545,0,,,
752,7.719772127,45.0491545,0,,,
753,7.726125881,45.0491545,0,,,
754,7.732479634,45.0491545,0,,,
755,7.738833387,45.0491545,0,,,
756,7.745187141,45.0491545,0,,,
757,7.751540894,45.0491545,0,,,
758,7.757894647,45.0491545,0,,,
759,7.7642484,45.0491545,0,,,
760,7.516452023,45.0536497,0,,,
761,7.522805776,45.0536497,0,,,
762,7.52915953,45.0536497,0,,,
763,7.535513283,45.0536497,0,,,
764,7.541867036,45.0536497,0,,,
765,7.548220789,45.0536497,0,,,
766,7.554574543,45.0536497,0,,,
767,7.560928296,45.0536497,0,,,
768,7.567282049,45.0536497,0,,,
769,7.573635802,45.0536497,0,,,
770,7.579989556,45.0536497,0,,,
771,7.586343309,45.0536497,0,,,
772,7.592697062,45.0536497,0,,,
773,7.599050816,45.0536497,0,,,
774,7.605404569,45.0536497,0,,,
775,7.611758322,45.0536497,0,,,
776,7.618112075,45.0536497,0,,,
777,7.624465829,45.0536497,0,,,
778,7.630819582,45.0536497,119,,,
779,7.637173335,45.0536497,224,,,
780,7.643527088,45.0536497,533,,,
781,7.649880842,45.0536497,508,,,
782,7.656234595,45.0536497,1012,,,
783,7.662588348,45.0536497,915,,,
784,7.668942101,45.0536497,836,,,
785,7.675295855,45.0536497,616,,,
786,7.681649608,45.0536497,1012,,,
787,7.688003361,45.0536497,325,,,
788,7.694357114,45.0536497,431,,,
789,7.700710868,45.0536497,11,,,
790,7.707064621,45.0536497,0,,,
791,7.713418374,45.0536497,0,,,
792,7.719772127,45.0536497,0,,,
793,7.726125881,45.0536497,0,,,
794,7.732479634,45.0536497,0,,,
795,7.738833387,45.0536497,0,,,
796,7.745187141,45.0536497,0,,,
797,7.751540894,45.0536497,0,,,
798,7.757894647,45.0536497,0,,,
799,7.7642484,45.0536497,0,,,
800,7.516452023,45.05814489,0,,,
801,7.522805776,45.05814489,0,,,
802,7.52915953,45.05814489,0,,,
803,7.535513283,45.05814489,0,,,
804,7.541867036,45.05814489,0,,,
805,7.548220789,45.05814489,0,,,
806,7.554574543,45.05814489,0,,,
807,7.560928296,45.05814489,0,,,
808,7.567282049,45.05814489,0,,,
809,7.573635802,45.05814489,0,,,
810,7.579989556,45.05814489,0,,,
811,7.586343309,45.05814489,0,,,
812,7.592697062,45.05814489,0,,,
813,7.599050816,45.05814489,0,,,
814,7.605404569,45.05814489,0,,,
815,7.611758322,45.05814489,0,,,
816,7.618112075,45.05814489,0,,,
817,7.624465829,45.05814489,146,,,
818,7.630819582,45.05814489,149,,,
819,7.637173335,45.05814489,304,,,
820,7.643527088,45.05814489,374,,,
821,7.649880842,45.05814489,604,,,
822,7.656234595,45.05814489,766,,,
823,7.662588348,45.05814489,683,,,
824,7.668942101,45.05814489,699,,,
825,7.675295855,45.05814489,1002,,,
826,7.681649608,45.05814489,1240,,,
827,7.688003361,45.05814489,925,,,
828,7.694357114,45.05814489,599,,,
829,7.700710868,45.05814489,528,,,
830,7.707064621,45.05814489,410,,,
831,7.713418374,45.05814489,22,,,
832,7.719772127,45.05814489,0,,,
833,7.726125881,45.05814489,0,,,
834,7.732479634,45.05814489,0,,,
835,7.738833387,45.05814489,0,,,
836,7.745187141,45.05814489,0,,,
837,7.751540894,45.05814489,0,,,
838,7.757894647,45.05814489,0,,,
839,7.7642484,45.05814489,0,,,
840,7.516452023,45.06264009,0,,,
841,7.522805776,45.06264009,0,,,
842,7.52915953,45.06264009,0,,,
843,7.535513283,45.06264009,0,,,
844,7.541867036,45.06264009,0,,,
845,7.548220789,45.06264009,0,,,
846,7.554574543,45.06264009,0,,,
847,7.560928296,45.06264009,0,,,
848,7.567282049,45.06264009,0,,,
849,7.573635802,45.06264009,0,,,
850,7.579989556,45.06264009,0,,,
851,7.586343309,45.06264009,0,,,
852,7.592697062,45.06264009,0,,,
853,7.599050816,45.06264009,0,,,
854,7.605404569,45.06264009,0,,,
855,7.611758322,45.06264009,19,,,
856,7.618112075,45.06264009,228,,,
857,7.624465829,45.06264009,199,,,
858,7.630819582,45.06264009,394,,,
859,7.637173335,45.06264009,283,,,
860,7.643527088,45.06264009,427,,,
861,7.649880842,45.06264009,670,,,
862,7.656234595,45.06264009,590,,,
863,7.662588348,45.06264009,665,,,
864,7.668942101,45.06264009,657,,,
865,7.675295855,45.06264009,1458,,,
866,7.681649608,45.06264009,684,,,
867,7.688003361,45.06264009,1178,,,
868,7.694357114,45.06264009,865,,,
869,7.700710868,45.06264009,312,,,
870,7.707064621,45.06264009,276,,,
871,7.713418374,45.06264009,381,,,
872,7.719772127,45.06264009,253,,,
873,7.726125881,45.06264009,0,,,
874,7.732479634,45.06264009,0,,,
875,7.738833387,45.06264009,0,,,
876,7.745187141,45.06264009,0,,,
877,7.751540894,45.06264009,0,,,
878,7.757894647,45.06264009,0,,,
879,7.7642484,45.06264009,0,,,
880,7.516452023,45.06713529,0,,,
881,7.522805776,45.06713529,0,,,
882,7.52915953,45.06713529,0,,,
883,7.535513283,45.06713529,0,,,
884,7.541867036,45.06713529,0,,,
885,7.548220789,45.06713529,0,,,
886,7.554574543,45.06713529,0,,,
887,7.560928296,45.06713529,0,,,
888,7.567282049,45.06713529,0,,,
889,7.573635802,45.06713529,0,,,
890,7.579989556,45.06713529,0,,,
891,7.586343309,45.06713529,0,,,
892,7.592697062,45.06713529,0,,,
893,7.599050816,45.06713529,0,,,
894,7.605404569,45.06713529,12,,,
895,7.611758322,45.06713529,363,,,
896,7.618112075,45.06713529,270,,,
897,7.624465829,45.06713529,198,,,
898,7.630819582,45.06713529,248,,,
899,7.637173335,45.06713529,460,,,
900,7.643527088,45.06713529,404,,,
901,7.649880842,45.06713529,510,,,
902,7.656234595,45.06713529,470,,,
903,7.662588348,45.06713529,1213,,,
904,7.668942101,45.06713529,1474,,,
905,7.675295855,45.06713529,1578,,,
906,7.681649608,45.06713529,464,,,
907,7.688003361,45.06713529,464,,,
908,7.694357114,45.06713529,837,,,
909,7.700710868,45.06713529,581,,,
910,7.707064621,45.06713529,352,,,
911,7.713418374,45.06713529,302,,,
912,7.719772127,45.06713529,295,,,
913,7.726125881,45.06713529,166,,,
914,7.732479634,45.06713529,0,,,
915,7.738833387,45.06713529,0,,,
916,7.745187141,45.06713529,0,,,
917,7.751540894,45.06713529,0,,,
918,7.757894647,45.06713529,0,,,
919,7.7642484,45.06713529,0,,,
920,7.516452023,45.07163048,0,,,
921,7.522805776,45.07163048,0,,,
922,7.52915953,45.07163048,0,,,
923,7.535513283,45.07163048,0,,,
924,7.541867036,45.07163048,0,,,
925,7.548220789,45.07163048,0,,,
926,7.554574543,45.07163048,0,,,
927,7.560928296,45.07163048,0,,,
928,7.567282049,45.07163048,0,,,
929,7.573635802,45.07163048,0,,,
930,7.579989556,45.07163048,0,,,
931,7.586343309,45.07163048,0,,,
932,7.592697062,45.07163048,0,,,
933,7.599050816,45.07163048,0,,,
934,7.605404569,45.07163048,142,,,
935,7.611758322,45.07163048,161,,,
936,7.618112075,45.07163048,255,,,
937,7.624465829,45.07163048,323,,,
938,7.630819582,45.07163048,270,,,
939,7.637173335,45.07163048,305,,,
940,7.643527088,45.07163048,489,,,
941,7.649880842,45.07163048,517,,,
942,7.656234595,45.07163048,448,,,
943,7.662588348,45.07163048,786,,,
944,7.668942101,45.07163048,1137,,,
945,7.675295855,45.07163048,1460,,,
946,7.681649608,45.07163048,527,,,
947,7.688003361,45.07163048,279,,,
948,7.694357114,45.07163048,654,,,
949,7.700710868,45.07163048,263,,,
950,7.707064621,45.07163048,192,,,
951,7.713418374,45.07163048,197,,,
952,7.719772127,45.07163048,200,,,
953,7.726125881,45.07163048,352,,,
954,7.732479634,45.07163048,0,,,
955,7.738833387,45.07163048,0,,,
956,7.745187141,45.07163048,0,,,
957,7.751540894,45.07163048,0,,,
958,7.757894647,45.07163048,0,,,
959,7.7642484,45.07163048,0,,,
960,7.516452023,45.07612568,0,,,
961,7.522805776,45.07612568,0,,,
962,7.52915953,45.07612568,0,,,
963,7.535513283,45.07612568,0,,,
964,7.541867036,45.07612568,0,,,
965,7.548220789,45.07612568,0,,,
966,7.554574543,45.07612568,0,,,
967,7.560928296,45.07612568,0,,,
968,7.567282049,45.07612568,0,,,
969,7.573635802,45.07612568,0,,,
970,7.579989556,45.07612568,0,,,
971,7.586343309,45.07612568,0,,,
972,7.592697062,45.07612568,0,,,
973,7.599050816,45.07612568,0,,,
974,7.605404569,45.07612568,0,,,
975,7.611758322,45.07612568,0,,,
976,7.618112075,45.07612568,133,,,
977,7.624465829,45.07612568,206,,,
978,7.630819582,45.07612568,178,,,
979,7.637173335,45.07612568,220,,,
980,7.643527088,45.07612568,264,,,
981,7.649880842,45.07612568,345,,,
982,7.656234595,45.07612568,453,,,
983,7.662588348,45.07612568,539,,,
984,7.668942101,45.07612568,662,,,
985,7.675295855,45.07612568,722,,,
986,7.681649608,45.07612568,439,,,
987,7.688003361,45.07612568,338,,,
988,7.694357114,45.07612568,311,,,
989,7.700710868,45.07612568,227,,,
990,7.707064621,45.07612568,10,,,
991,7.713418374,45.07612568,56,,,
992,7.719772127,45.07612568,1,,,
993,7.726125881,45.07612568,2,,,
994,7.732479634,45.07612568,0,,,
995,7.738833387,45.07612568,0,,,
996,7.745187141,45.07612568,0,,,
997,7.751540894,45.07612568,0,,,
998,7.757894647,45.07612568,0,,,
999,7.7642484,45.07612568,0,,,
1000,7.516452023,45.08062088,0,,,
1001,7.522805776,45.08062088,0,,,
1002,7.52915953,45.08062088,0,,,
1003,7.535513283,45.08062088,0,,,
1004,7.541867036,45.08062088,0,,,
1005,7.548220789,45.08062088,0,,,
1006,7.554574543,45.08062088,0,,,
1007,7.560928296,45.08062088,0,,,
1008,7.567282049,45.08062088,0,,,
1009,7.573635802,45.08062088,0,,,
1010,7.579989556,45.08062088,0,,,
1011,7.586343309,45.08062088,0,,,
1012,7.592697062,45.08062088,0,,,
1013,7.599050816,45.08062088,0,,,
1014,7.605404569,45.08062088,0,,,
1015,7.611758322,45.08062088,0,,,
1016,7.618112075,45.08062088,164,,,
1017,7.624465829,45.08062088,133,,,
1018,7.630819582,45.08062088,157,,,
1019,7.637173335,45.08062088,136,,,
1020,7.643527088,45.08062088,96,,,
1021,7.649880842,45.08062088,270,,,
1022,7.656234595,45.08062088,430,,,
1023,7.662588348,45.08062088,416,,,
1024,7.668942101,45.08062088,331,,,
1025,7.675295855,45.08062088,406,,,
1026,7.681649608,45.08062088,248,,,
1027,7.688003361,45.08062088,268,,,
1028,7.694357114,45.08062088,288,,,
1029,7.700710868,45.08062088,147,,,
1030,7.707064621,45.08062088,0,,,
1031,7.713418374,45.08062088,0,,,
1032,7.719772127,45.08062088,0,,,
1033,7.726125881,45.08062088,0,,,
1034,7.732479634,45.08062088,0,,,
1035,7.738833387,45.08062088,0,,,
1036,7.745187141,45.08062088,0,,,
1037,7.751540894,45.08062088,0,,,
1038,7.757894647,45.08062088,0,,,
1039,7.7642484,45.08062088,0,,,
1040,7.516452023,45.08511607,0,,,
1041,7.522805776,45.08511607,0,,,
1042,7.52915953,45.08511607,0,,,
1043,7.535513283,45.08511607,0,,,
1044,7.541867036,45.08511607,0,,,
1045,7.548220789,45.08511607,0,,,
1046,7.554574543,45.08511607,0,,,
1047,7.560928296,45.08511607,0,,,
1048,7.567282049,45.08511607,0,,,
1049,7.573635802,45.08511607,0,,,
1050,7.579989556,45.08511607,0,,,
1051,7.586343309,45.08511607,0,,,
1052,7.592697062,45.08511607,0,,,
1053,7.599050816,45.08511607,0,,,
1054,7.605404569,45.08511607,0,,,
1055,7.611758322,45.08511607,0,,,
1056,7.618112075,45.08511607,0,,,
1057,7.624465829,45.08511607,0,,,
1058,7.630819582,45.08511607,0,,,
1059,7.637173335,45.08511607,0,,,
1060,7.643527088,45.08511607,0,,,
1061,7.649880842,45.08511607,178,,,
1062,7.656234595,45.08511607,280,,,
1063,7.662588348,45.08511607,193,,,
1064,7.668942101,45.08511607,351,,,
1065,7.675295855,45.08511607,251,,,
1066,7.681649608,45.08511607,363,,,
1067,7.688003361,45.08511607,271,,,
1068,7.694357114,45.08511607,211,,,
1069,7.700710868,45.08511607,264,,,
1070,7.707064621,45.08511607,180,,,
1071,7.713418374,45.08511607,99,,,
1072,7.719772127,45.08511607,0,,,
1073,7.726125881,45.08511607,0,,,
1074,7.732479634,45.08511607,0,,,
1075,7.738833387,45.08511607,0,,,
1076,7.745187141,45.08511607,0,,,
1077,7.751540894,45.08511607,0,,,
1078,7.757894647,45.08511607,0,,,
1079,7.7642484,45.08511607,0,,,
1080,7.516452023,45.08961127,0,,,
1081,7.522805776,45.08961127,0,,,
1082,7.52915953,45.08961127,0,,,
1083,7.535513283,45.08961127,0,,,
1084,7.541867036,45.08961127,0,,,
1085,7.548220789,45.08961127,0,,,
1086,7.554574543,45.08961127,0,,,
1087,7.560928296,45.08961127,0,,,
1088,7.567282049,45.08961127,0,,,
1089,7.573635802,45.08961127,0,,,
1090,7.579989556,45.08961127,0,,,
1091,7.586343309,45.08961127,0,,,
1092,7.592697062,45.08961127,0,,,
1093,7.599050816,45.08961127,0,,,
1094,7.605404569,45.08961127,0,,,
1095,7.611758322,45.08961127,0,,,
1096,7.618112075,45.08961127,0,,,
1097,7.624465829,45.08961127,0,,,
1098,7.630819582,45.08961127,0,,,
1099,7.637173335,45.08961127,0,,,
1100,7.643527088,45.08961127,0,,,
1101,7.649880842,45.08961127,0,,,
1102,7.656234595,45.08961127,368,,,
1103,7.662588348,45.08961127,127,,,
1104,7.668942101,45.08961127,110,,,
1105,7.675295855,45.08961127,170,,,
1106,7.681649608,45.08961127,354,,,
1107,7.688003361,45.08961127,155,,,
1108,7.694357114,45.08961127,164,,,
1109,7.700710868,45.08961127,155,,,
1110,7.707064621,45.08961127,76,,,
1111,7.713418374,45.08961127,320,,,
1112,7.719772127,45.08961127,31,,,
1113,7.726125881,45.08961127,0,,,
1114,7.732479634,45.08961127,0,,,
1115,7.738833387,45.08961127,0,,,
1116,7.745187141,45.08961127,0,,,
1117,7.751540894,45.08961127,0,,,
1118,7.757894647,45.08961127,0,,,
1119,7.7642484,45.08961127,0,,,
1120,7.516452023,45.09410647,0,,,
1121,7.522805776,45.09410647,0,,,
1122,7.52915953,45.09410647,0,,,
1123,7.535513283,45.09410647,0,,,
1124,7.541867036,45.09410647,0,,,
1125,7.548220789,45.09410647,0,,,
1126,7.554574543,45.09410647,0,,,
1127,7.560928296,45.09410647,0,,,
1128,7.567282049,45.09410647,0,,,
1129,7.573635802,45.09410647,0,,,
1130,7.579989556,45.09410647,0,,,
1131,7.586343309,45.09410647,0,,,
1132,7.592697062,45.09410647,0,,,
1133,7.599050816,45.09410647,0,,,
1134,7.605404569,45.09410647,0,,,
1135,7.611758322,45.09410647,0,,,
1136,7.618112075,45.09410647,0,,,
1137,7.624465829,45.09410647,0,,,
1138,7.630819582,45.09410647,0,,,
1139,7.637173335,45.09410647,0,,,
1140,7.643527088,45.09410647,0,,,
1141,7.649880842,45.09410647,59,,,
1142,7.656234595,45.09410647,194,,,
1143,7.662588348,45.09410647,208,,,
1144,7.668942101,45.09410647,182,,,
1145,7.675295855,45.09410647,240,,,
1146,7.681649608,45.09410647,181,,,
1147,7.688003361,45.09410647,132,,,
1148,7.694357114,45.09410647,222,,,
1149,7.700710868,45.09410647,198,,,
1150,7.707064621,45.09410647,117,,,
1151,7.713418374,45.09410647,79,,,
1152,7.719772127,45.09410647,37,,,
1153,7.726125881,45.09410647,0,,,
1154,7.732479634,45.09410647,0,,,
1155,7.738833387,45.09410647,0,,,
1156,7.745187141,45.09410647,0,,,
1157,7.751540894,45.09410647,0,,,
1158,7.757894647,45.09410647,0,,,
1159,7.7642484,45.09410647,0,,,
1160,7.516452023,45.09860166,0,,,
1161,7.522805776,45.09860166,0,,,
1162,7.52915953,45.09860166,0,,,
1163,7.535513283,45.09860166,0,,,
1164,7.541867036,45.09860166,0,,,
1165,7.548220789,45.09860166,0,,,
1166,7.554574543,45.09860166,0,,,
1167,7.560928296,45.09860166,0,,,
1168,7.567282049,45.09860166,0,,,
1169,7.573635802,45.09860166,0,,,
1170,7.579989556,45.09860166,0,,,
1171,7.586343309,45.09860166,0,,,
1172,7.592697062,45.09860166,0,,,
1173,7.599050816,45.09860166,0,,,
1174,7.605404569,45.09860166,0,,,
1175,7.611758322,45.09860166,0,,,
1176,7.618112075,45.09860166,0,,,
1177,7.624465829,45.09860166,0,,,
1178,7.630819582,45.09860166,0,,,
1179,7.637173335,45.09860166,161,,,
1180,7.643527088,45.09860166,284,,,
1181,7.649880842,45.09860166,162,,,
1182,7.656234595,45.09860166,158,,,
1183,7.662588348,45.09860166,202,,,
1184,7.668942101,45.09860166,250,,,
1185,7.675295855,45.09860166,303,,,
1186,7.681649608,45.09860166,191,,,
1187,7.688003361,45.09860166,147,,,
1188,7.694357114,45.09860166,185,,,
1189,7.700710868,45.09860166,229,,,
1190,7.707064621,45.09860166,13,,,
1191,7.713418374,45.09860166,0,,,
1192,7.719772127,45.09860166,0,,,
1193,7.726125881,45.09860166,0,,,
1194,7.732479634,45.09860166,0,,,
1195,7.738833387,45.09860166,0,,,
1196,7.745187141,45.09860166,0,,,
1197,7.751540894,45.09860166,0,,,
1198,7.757894647,45.09860166,0,,,
1199,7.7642484,45.09860166,0,,,
1200,7.516452023,45.10309686,0,,,
1201,7.522805776,45.10309686,0,,,
1202,7.52915953,45.10309686,0,,,
1203,7.535513283,45.10309686,0,,,
1204,7.541867036,45.10309686,0,,,
1205,7.548220789,45.10309686,0,,,
1206,7.554574543,45.10309686,0,,,
1207,7.560928296,45.10309686,0,,,
1208,7.567282049,45.10309686,0,,,
1209,7.573635802,45.10309686,0,,,
1210,7.579989556,45.10309686,0,,,
1211,7.586343309,45.10309686,0,,,
1212,7.592697062,45.10309686,0,,,
1213,7.599050816,45.10309686,0,,,
1214,7.605404569,45.10309686,0,,,
1215,7.611758322,45.10309686,0,,,
1216,7.618112075,45.10309686,0,,,
1217,7.624465829,45.10309686,0,,,
1218,7.630819582,45.10309686,0,,,
1219,7.637173335,45.10309686,141,,,
1220,7.643527088,45.10309686,307,,,
1221,7.649880842,45.10309686,462,,,
1222,7.656234595,45.10309686,242,,,
1223,7.662588348,45.10309686,272,,,
1224,7.668942101,45.10309686,187,,,
1225,7.675295855,45.10309686,113,,,
1226,7.681649608,45.10309686,162,,,
1227,7.688003361,45.10309686,6,,,
1228,7.694357114,45.10309686,103,,,
1229,7.700710868,45.10309686,349,,,
1230,7.707064621,45.10309686,0,,,
1231,7.713418374,45.10309686,0,,,
1232,7.719772127,45.10309686,0,,,
1233,7.726125881,45.10309686,0,,,
1234,7.732479634,45.10309686,0,,,
1235,7.738833387,45.10309686,0,,,
1236,7.745187141,45.10309686,0,,,
1237,7.751540894,45.10309686,0,,,
1238,7.757894647,45.10309686,0,,,
1239,7.7642484,45.10309686,0,,,
1240,7.516452023,45.10759206,0,,,
1241,7.522805776,45.10759206,0,,,
1242,7.52915953,45.10759206,0,,,
1243,7.535513283,45.10759206,0,,,
1244,7.541867036,45.10759206,0,,,
1245,7.548220789,45.10759206,0,,,
1246,7.554574543,45.10759206,0,,,
1247,7.560928296,45.10759206,0,,,
1248,7.567282049,45.10759206,0,,,
1249,7.573635802,45.10759206,0,,,
1250,7.579989556,45.10759206,0,,,
1251,7.586343309,45.10759206,0,,,
1252,7.592697062,45.10759206,0,,,
1253,7.599050816,45.10759206,0,,,
1254,7.605404569,45.10759206,0,,,
1255,7.611758322,45.10759206,0,,,
1256,7.618112075,45.10759206,0,,,
1257,7.624465829,45.10759206,0,,,
1258,7.630819582,45.10759206,0,,,
1259,7.637173335,45.10759206,0,,,
1260,7.643527088,45.10759206,233,,,
1261,7.649880842,45.10759206,342,,,
1262,7.656234595,45.10759206,545,,,
1263,7.662588348,45.10759206,0,,,
1264,7.668942101,45.10759206,0,,,
1265,7.675295855,45.10759206,0,,,
1266,7.681649608,45.10759206,0,,,
1267,7.688003361,45.10759206,0,,,
1268,7.694357114,45.10759206,0,,,
1269,7.700710868,45.10759206,0,,,
1270,7.707064621,45.10759206,0,,,
1271,7.713418374,45.10759206,0,,,
1272,7.719772127,45.10759206,0,,,
1273,7.726125881,45.10759206,0,,,
1274,7.732479634,45.10759206,0,,,
1275,7.738833387,45.10759206,0,,,
1276,7.745187141,45.10759206,0,,,
1277,7.751540894,45.10759206,0,,,
1278,7.757894647,45.10759206,0,,,
1279,7.7642484,45.10759206,0,,,
1280,7.516452023,45.11208726,0,,,
1281,7.522805776,45.11208726,0,,,
1282,7.52915953,45.11208726,0,,,
1283,7.535513283,45.11208726,0,,,
1284,7.541867036,45.11208726,0,,,
1285,7.548220789,45.11208726,0,,,
1286,7.554574543,45.11208726,0,,,
1287,7.560928296,45.11208726,0,,,
1288,7.567282049,45.11208726,0,,,
1289,7.573635802,45.11208726,0,,,
1290,7.579989556,45.11208726,0,,,
1291,7.586343309,45.11208726,0,,,
1292,7.592697062,45.11208726,0,,,
1293,7.599050816,45.11208726,0,,,
1294,7.605404569,45.11208726,0,,,
1295,7.611758322,45.11208726,0,,,
1296,7.618112075,45.11208726,0,,,
1297,7.624465829,45.11208726,0,,,
1298,7.630819582,45.11208726,0,,,
1299,7.637173335,45.11208726,0,,,
1300,7.643527088,45.11208726,0,,,
1301,7.649880842,45.11208726,0,,,
1302,7.656234595,45.11208726,0,,,
1303,7.662588348,45.11208726,0,,,
1304,7.668942101,45.11208726,0,,,
1305,7.675295855,45.11208726,0,,,
1306,7.681649608,45.11208726,0,,,
1307,7.688003361,45.11208726,0,,,
1308,7.694357114,45.11208726,0,,,
1309,7.700710868,45.11208726,0,,,
1310,7.707064621,45.11208726,0,,,
1311,7.713418374,45.11208726,0,,,
1312,7.719772127,45.11208726,0,,,
1313,7.726125881,45.11208726,0,,,
1314,7.732479634,45.11208726,0,,,
1315,7.738833387,45.11208726,0,,,
1316,7.745187141,45.11208726,0,,,
1317,7.751540894,45.11208726,0,,,
1318,7.757894647,45.11208726,0,,,
1319,7.7642484,45.11208726,0,,,
1320,7.516452023,45.11658245,0,,,
1321,7.522805776,45.11658245,0,,,
1322,7.52915953,45.11658245,0,,,
1323,7.535513283,45.11658245,0,,,
1324,7.541867036,45.11658245,0,,,
1325,7.548220789,45.11658245,0,,,
1326,7.554574543,45.11658245,0,,,
1327,7.560928296,45.11658245,0,,,
1328,7.567282049,45.11658245,0,,,
1329,7.573635802,45.11658245,0,,,
1330,7.579989556,45.11658245,0,,,
1331,7.586343309,45.11658245,0,,,
1332,7.592697062,45.11658245,0,,,
1333,7.599050816,45.11658245,0,,,
1334,7.605404569,45.11658245,0,,,
1335,7.611758322,45.11658245,0,,,
1336,7.618112075,45.11658245,0,,,
1337,7.624465829,45.11658245,0,,,
1338,7.630819582,45.11658245,0,,,
1339,7.637173335,45.11658245,0,,,
1340,7.643527088,45.11658245,0,,,
1341,7.649880842,45.11658245,0,,,
1342,7.656234595,45.11658245,0,,,
1343,7.662588348,45.11658245,0,,,
1344,7.668942101,45.11658245,0,,,
1345,7.675295855,45.11658245,0,,,
1346,7.681649608,45.11658245,0,,,
1347,7.688003361,45.11658245,0,,,
1348,7.694357114,45.11658245,0,,,
1349,7.700710868,45.11658245,0,,,
1350,7.707064621,45.11658245,0,,,
1351,7.713418374,45.11658245,0,,,
1352,7.719772127,45.11658245,0,,,
1353,7.726125881,45.11658245,0,,,
1354,7.732479634,45.11658245,0,,,
1355,7.738833387,45.11658245,0,,,
1356,7.745187141,45.11658245,0,,,
1357,7.751540894,45.11658245,0,,,
1358,7.757894647,45.11658245,0,,,
1359,7.7642484,45.11658245,0,,,
1360,7.516452023,45.12107765,0,,,
1361,7.522805776,45.12107765,0,,,
1362,7.52915953,45.12107765,0,,,
1363,7.535513283,45.12107765,0,,,
1364,7.541867036,45.12107765,0,,,
1365,7.548220789,45.12107765,0,,,
1366,7.554574543,45.12107765,0,,,
1367,7.560928296,45.12107765,0,,,
1368,7.567282049,45.12107765,0,,,
1369,7.573635802,45.12107765,0,,,
1370,7.579989556,45.12107765,0,,,
1371,7.586343309,45.12107765,0,,,
1372,7.592697062,45.12107765,0,,,
1373,7.599050816,45.12107765,0,,,
1374,7.605404569,45.12107765,0,,,
1375,7.611758322,45.12107765,0,,,
1376,7.618112075,45.12107765,0,,,
1377,7.624465829,45.12107765,0,,,
1378,7.630819582,45.12107765,0,,,
1379,7.637173335,45.12107765,0,,,
1380,7.643527088,45.12107765,0,,,
1381,7.649880842,45.12107765,0,,,
1382,7.656234595,45.12107765,0,,,
1383,7.662588348,45.12107765,0,,,
1384,7.668942101,45.12107765,0,,,
1385,7.675295855,45.12107765,0,,,
1386,7.681649608,45.12107765,0,,,
1387,7.688003361,45.12107765,0,,,
1388,7.694357114,45.12107765,0,,,
1389,7.700710868,45.12107765,0,,,
1390,7.707064621,45.12107765,0,,,
1391,7.713418374,45.12107765,0,,,
1392,7.719772127,45.12107765,0,,,
1393,7.726125881,45.12107765,0,,,
1394,7.732479634,45.12107765,0,,,
1395,7.738833387,45.12107765,0,,,
1396,7.745187141,45.12107765,0,,,
1397,7.751540894,45.12107765,0,,,
1398,7.757894647,45.12107765,0,,,
1399,7.7642484,45.12107765,0,,,
1400,7.516452023,45.12557285,0,,,
1401,7.522805776,45.12557285,0,,,
1402,7.52915953,45.12557285,0,,,
1403,7.535513283,45.12557285,0,,,
1404,7.541867036,45.12557285,0,,,
1405,7.548220789,45.12557285,0,,,
1406,7.554574543,45.12557285,0,,,
1407,7.560928296,45.12557285,0,,,
1408,7.567282049,45.12557285,0,,,
1409,7.573635802,45.12557285,0,,,
1410,7.579989556,45.12557285,0,,,
1411,7.586343309,45.12557285,0,,,
1412,7.592697062,45.12557285,0,,,
1413,7.599050816,45.12557285,0,,,
1414,7.605404569,45.12557285,0,,,
1415,7.611758322,45.12557285,0,,,
1416,7.618112075,45.12557285,0,,,
1417,7.624465829,45.12557285,0,,,
1418,7.630819582,45.12557285,0,,,
1419,7.637173335,45.12557285,0,,,
1420,7.643527088,45.12557285,0,,,
1421,7.649880842,45.12557285,0,,,
1422,7.656234595,45.12557285,0,,,
1423,7.662588348,45.12557285,0,,,
1424,7.668942101,45.12557285,0,,,
1425,7.675295855,45.12557285,0,,,
1426,7.681649608,45.12557285,0,,,
1427,7.688003361,45.12557285,0,,,
1428,7.694357114,45.12557285,0,,,
1429,7.700710868,45.12557285,0,,,
1430,7.707064621,45.12557285,0,,,
1431,7.713418374,45.12557285,0,,,
1432,7.719772127,45.12557285,0,,,
1433,7.726125881,45.12557285,0,,,
1434,7.732479634,45.12557285,0,,,
1435,7.738833387,45.12557285,0,,,
1436,7.745187141,45.12557285,0,,,
1437,7.751540894,45.12557285,0,,,
1438,7.757894647,45.12557285,0,,,
1439,7.7642484,45.12557285,0,,,
1440,7.516452023,45.13006804,0,,,
1441,7.522805776,45.13006804,0,,,
1442,7.52915953,45.13006804,0,,,
1443,7.535513283,45.13006804,0,,,
1444,7.541867036,45.13006804,0,,,
1445,7.548220789,45.13006804,0,,,
1446,7.554574543,45.13006804,0,,,
1447,7.560928296,45.13006804,0,,,
1448,7.567282049,45.13006804,0,,,
1449,7.573635802,45.13006804,0,,,
1450,7.579989556,45.13006804,0,,,
1451,7.586343309,45.13006804,0,,,
1452,7.592697062,45.13006804,0,,,
1453,7.599050816,45.13006804,0,,,
1454,7.605404569,45.13006804,0,,,
1455,7.611758322,45.13006804,0,,,
1456,7.618112075,45.13006804,0,,,
1457,7.624465829,45.13006804,0,,,
1458,7.630819582,45.13006804,0,,,
1459,7.637173335,45.13006804,0,,,
1460,7.643527088,45.13006804,0,,,
1461,7.649880842,45.13006804,0,,,
1462,7.656234595,45.13006804,0,,,
1463,7.662588348,45.13006804,0,,,
1464,7.668942101,45.13006804,0,,,
1465,7.675295855,45.13006804,0,,,
1466,7.681649608,45.13006804,0,,,
1467,7.688003361,45.13006804,0,,,
1468,7.694357114,45.13006804,0,,,
1469,7.700710868,45.13006804,0,,,
1470,7.707064621,45.13006804,0,,,
1471,7.713418374,45.13006804,0,,,
1472,7.719772127,45.13006804,0,,,
1473,7.726125881,45.13006804,0,,,
1474,7.732479634,45.13006804,0,,,
1475,7.738833387,45.13006804,0,,,
1476,7.745187141,45.13006804,0,,,
1477,7.751540894,45.13006804,0,,,
1478,7.757894647,45.13006804,0,,,
1479,7.7642484,45.13006804,0,,,
1480,7.516452023,45.13456324,0,,,
1481,7.522805776,45.13456324,0,,,
1482,7.52915953,45.13456324,0,,,
1483,7.535513283,45.13456324,0,,,
1484,7.541867036,45.13456324,0,,,
1485,7.548220789,45.13456324,0,,,
1486,7.554574543,45.13456324,0,,,
1487,7.560928296,45.13456324,0,,,
1488,7.567282049,45.13456324,0,,,
1489,7.573635802,45.13456324,0,,,
1490,7.579989556,45.13456324,0,,,
1491,7.586343309,45.13456324,0,,,
1492,7.592697062,45.13456324,0,,,
1493,7.599050816,45.13456324,0,,,
1494,7.605404569,45.13456324,0,,,
1495,7.611758322,45.13456324,0,,,
1496,7.618112075,45.13456324,0,,,
1497,7.624465829,45.13456324,0,,,
1498,7.630819582,45.13456324,0,,,
1499,7.637173335,45.13456324,0,,,
1500,7.643527088,45.13456324,0,,,
1501,7.649880842,45.13456324,0,,,
1502,7.656234595,45.13456324,0,,,
1503,7.662588348,45.13456324,0,,,
1504,7.668942101,45.13456324,0,,,
1505,7.675295855,45.13456324,0,,,
1506,7.681649608,45.13456324,0,,,
1507,7.688003361,45.13456324,0,,,
1508,7.694357114,45.13456324,0,,,
1509,7.700710868,45.13456324,0,,,
1510,7.707064621,45.13456324,0,,,
1511,7.713418374,45.13456324,0,,,
1512,7.719772127,45.13456324,0,,,
1513,7.726125881,45.13456324,0,,,
1514,7.732479634,45.13456324,0,,,
1515,7.738833387,45.13456324,0,,,
1516,7.745187141,45.13456324,0,,,
1517,7.751540894,45.13456324,0,,,
1518,7.757894647,45.13456324,0,,,
1519,7.7642484,45.13456324,0,,,
1520,7.516452023,45.13905844,0,,,
1521,7.522805776,45.13905844,0,,,
1522,7.52915953,45.13905844,0,,,
1523,7.535513283,45.13905844,0,,,
1524,7.541867036,45.13905844,0,,,
1525,7.548220789,45.13905844,0,,,
1526,7.554574543,45.13905844,0,,,
1527,7.560928296,45.13905844,0,,,
1528,7.567282049,45.13905844,0,,,
1529,7.573635802,45.13905844,0,,,
1530,7.579989556,45.13905844,0,,,
1531,7.586343309,45.13905844,0,,,
1532,7.592697062,45.13905844,0,,,
1533,7.599050816,45.13905844,0,,,
1534,7.605404569,45.13905844,0,,,
1535,7.611758322,45.13905844,0,,,
1536,7.618112075,45.13905844,0,,,
1537,7.624465829,45.13905844,0,,,
1538,7.630819582,45.13905844,0,,,
1539,7.637173335,45.13905844,0,,,
1540,7.643527088,45.13905844,0,,,
1541,7.649880842,45.13905844,0,,,
1542,7.656234595,45.13905844,0,,,
1543,7.662588348,45.13905844,0,,,
1544,7.668942101,45.13905844,0,,,
1545,7.675295855,45.13905844,0,,,
1546,7.681649608,45.13905844,0,,,
1547,7.688003361,45.13905844,0,,,
1548,7.694357114,45.13905844,0,,,
1549,7.700710868,45.13905844,0,,,
1550,7.707064621,45.13905844,0,,,
1551,7.713418374,45.13905844,0,,,
1552,7.719772127,45.13905844,0,,,
1553,7.726125881,45.13905844,0,,,
1554,7.732479634,45.13905844,0,,,
1555,7.738833387,45.13905844,0,,,
1556,7.745187141,45.13905844,0,,,
1557,7.751540894,45.13905844,0,,,
1558,7.757894647,45.13905844,0,,,
1559,7.7642484,45.13905844,0,,,
1560,7.516452023,45.14355363,0,,,
1561,7.522805776,45.14355363,0,,,
1562,7.52915953,45.14355363,0,,,
1563,7.535513283,45.14355363,0,,,
1564,7.541867036,45.14355363,0,,,
1565,7.548220789,45.14355363,0,,,
1566,7.554574543,45.14355363,0,,,
1567,7.560928296,45.14355363,0,,,
1568,7.567282049,45.14355363,0,,,
1569,7.573635802,45.14355363,0,,,
1570,7.579989556,45.14355363,0,,,
1571,7.586343309,45.14355363,0,,,
1572,7.592697062,45.14355363,0,,,
1573,7.599050816,45.14355363,0,,,
1574,7.605404569,45.14355363,0,,,
1575,7.611758322,45.14355363,0,,,
1576,7.618112075,45.14355363,0,,,
1577,7.624465829,45.14355363,0,,,
1578,7.630819582,45.14355363,0,,,
1579,7.637173335,45.14355363,0,,,
1580,7.643527088,45.14355363,0,,,
1581,7.649880842,45.14355363,0,,,
1582,7.656234595,45.14355363,0,,,
1583,7.662588348,45.14355363,0,,,
1584,7.668942101,45.14355363,0,,,
