DAYS,SESSO,FASCIA,SCOPO,COMBO,ENOJY,CAR2GO,TOTAL
afternoon,['1'],['2'],['1'],['1']['2']['1'],0.941760343,0.932905828,0.922695516
morning,['1'],['2'],['1'],['1']['2']['1'],0.837739983,0.901743387,0.849017489
afternoon,['1'],['3'],['8'],['1']['3']['8'],0.936594859,0.890365194,0.89483938
afternoon,['1'],['2'],['8'],['1']['2']['8'],0.801530036,0.769340461,0.764512412
morning,['1'],['2'],['8'],['1']['2']['8'],0.945787166,0.958426549,0.929943879
afternoon,['2'],['3'],['8'],['2']['3']['8'],0.95503402,0.92398601,0.924218917
afternoon,['1'],['4'],['8'],['1']['4']['8'],1.060787808,1.032192963,1.026903012
afternoon,['2'],['4'],['8'],['2']['4']['8'],1.089625489,1.040536812,1.05000478
afternoon,['1'],['2'],['7'],['1']['2']['7'],1.125434611,1.09509676,1.099818901
afternoon,['1'],['1'],['8'],['1']['1']['8'],1.129740668,1.142820042,1.127241502
afternoon,['2'],['1'],['8'],['2']['1']['8'],1.160141283,1.1342139,1.136692428
afternoon,['1'],['3'],['4'],['1']['3']['4'],1.163048955,1.151730743,1.147493105
afternoon,['2'],['2'],['4'],['2']['2']['4'],1.193951358,1.155452449,1.160791004
afternoon,['2'],['3'],['4'],['2']['3']['4'],1.190088667,1.165048435,1.167867145
afternoon,['2'],['3'],['1'],['2']['3']['1'],1.163704361,1.205163216,1.178813609
afternoon,['1'],['4'],['4'],['1']['4']['4'],1.206732349,1.175682529,1.184743679
afternoon,['1'],['2'],['4'],['1']['2']['4'],1.209895665,1.209089048,1.20527114
afternoon,['2'],['2'],['7'],['2']['2']['7'],1.241695452,1.205781104,1.216226059
afternoon,['2'],['2'],['5'],['2']['2']['5'],1.247649615,1.219104866,1.223934345
afternoon,['2'],['4'],['4'],['2']['4']['4'],1.25331028,1.222271962,1.227071029
afternoon,['1'],['3'],['1'],['1']['3']['1'],1.29091426,1.251960761,1.258305709
afternoon,['2'],['1'],['3'],['2']['1']['3'],1.316068793,1.299721864,1.301005492
afternoon,['1'],['4'],['7'],['1']['4']['7'],1.344765541,1.28527444,1.304686276
afternoon,['1'],['3'],['7'],['1']['3']['7'],1.368940236,1.301646727,1.32615775
afternoon,['1'],['2'],['5'],['1']['2']['5'],1.326031854,1.344922711,1.328023742
afternoon,['1'],['1'],['3'],['1']['1']['3'],1.369009846,1.385196989,1.376463954
afternoon,['2'],['3'],['7'],['2']['3']['7'],1.410349698,1.377995537,1.387784481
afternoon,['1'],['2'],['2'],['1']['2']['2'],1.429124333,1.385129862,1.398103578
afternoon,['2'],['4'],['7'],['2']['4']['7'],1.468439265,1.399895371,1.426675159
afternoon,['1'],['2'],['3'],['1']['2']['3'],1.430637017,1.455712499,1.440443074
afternoon,['1'],['1'],['7'],['1']['1']['7'],1.458820286,1.446038034,1.445352967
afternoon,['2'],['2'],['6'],['2']['2']['6'],1.482604371,1.473255349,1.472039964
afternoon,['2'],['2'],['9'],['2']['2']['9'],1.503220836,1.510403101,1.506977912
afternoon,['2'],['1'],['7'],['2']['1']['7'],1.529401047,1.491623893,1.507454302
afternoon,['2'],['2'],['2'],['2']['2']['2'],1.583494154,1.491396403,1.524058702
afternoon,['2'],['4'],['9'],['2']['4']['9'],1.516094903,1.535414534,1.525757439
afternoon,['2'],['3'],['6'],['2']['3']['6'],1.557384493,1.53221951,1.538814291
afternoon,['2'],['4'],['6'],['2']['4']['6'],1.571347486,1.56310056,1.564442344
afternoon,['1'],['3'],['5'],['1']['3']['5'],1.561698263,1.57855112,1.566878619
afternoon,['1'],['2'],['11'],['1']['2']['11'],1.632875468,1.583465419,1.601141009
afternoon,['2'],['3'],['9'],['2']['3']['9'],1.622318084,1.600244497,1.60663345
afternoon,['1'],['3'],['2'],['1']['3']['2'],1.624588489,1.603554633,1.611829246
afternoon,['1'],['2'],['9'],['1']['2']['9'],1.641616529,1.595087001,1.614585068
afternoon,['2'],['3'],['5'],['2']['3']['5'],1.647179021,1.612694287,1.623893688
afternoon,['1'],['4'],['6'],['1']['4']['6'],1.646459023,1.624271112,1.633568893
afternoon,['1'],['4'],['9'],['1']['4']['9'],1.637529799,1.642415558,1.640368194
afternoon,['2'],['4'],['5'],['2']['4']['5'],1.666250426,1.641095542,1.646266917
afternoon,['2'],['2'],['3'],['2']['2']['3'],1.691906005,1.618097601,1.648759926
afternoon,['1'],['3'],['9'],['1']['3']['9'],1.702236349,1.658955988,1.677092501
afternoon,['2'],['1'],['4'],['2']['1']['4'],1.720399591,1.668700102,1.690364627
afternoon,['1'],['2'],['6'],['1']['2']['6'],1.746622772,1.695840522,1.71424494
afternoon,['1'],['3'],['6'],['1']['3']['6'],1.709274606,1.717911975,1.71429251
afternoon,['1'],['4'],['5'],['1']['4']['5'],1.743330685,1.696376663,1.716052613
afternoon,['2'],['3'],['2'],['2']['3']['2'],1.768305142,1.702845445,1.730276146
afternoon,['2'],['2'],['11'],['2']['2']['11'],1.802361221,1.750665302,1.772328331
afternoon,['1'],['1'],['4'],['1']['1']['4'],1.807242593,1.777113613,1.789739077
afternoon,['2'],['1'],['9'],['2']['1']['9'],1.85764559,1.813633572,1.832076683
afternoon,['1'],['4'],['2'],['1']['4']['2'],1.871495062,1.831647902,1.848345741
afternoon,['1'],['1'],['9'],['1']['1']['9'],1.87910092,1.881514841,1.880503294
afternoon,['1'],['1'],['11'],['1']['1']['11'],1.899875128,1.872507677,1.883975929
afternoon,['1'],['4'],['1'],['1']['4']['1'],1.938585538,1.89011259,1.910425041
afternoon,['1'],['1'],['1'],['1']['1']['1'],1.936655693,1.915660184,1.924458293
afternoon,['2'],['4'],['1'],['2']['4']['1'],1.946986037,1.913367451,1.927455224
afternoon,['2'],['4'],['3'],['2']['4']['3'],1.941537064,1.935721597,1.938158552
afternoon,['2'],['4'],['2'],['2']['4']['2'],1.948007719,1.932610031,1.939062389
afternoon,['2'],['1'],['11'],['2']['1']['11'],1.949256442,1.941125896,1.944532978
afternoon,['2'],['4'],['10'],['2']['4']['10'],1.959246225,1.941535312,1.94895702
afternoon,['1'],['4'],['10'],['1']['4']['10'],1.962084232,1.945629478,1.952524796
afternoon,['2'],['1'],['5'],['2']['1']['5'],1.942785787,1.960532242,1.95309564
afternoon,['2'],['3'],['11'],['2']['3']['11'],1.96571688,1.944401228,1.953333492
afternoon,['1'],['3'],['10'],['1']['3']['10'],1.958338063,1.954145343,1.955902291
afternoon,['2'],['1'],['1'],['2']['1']['1'],1.948915881,1.965609007,1.9586138
afternoon,['1'],['2'],['10'],['1']['2']['10'],1.972187535,1.952180143,1.960564184
afternoon,['2'],['1'],['2'],['2']['1']['2'],1.972187535,1.971504606,1.971790786
afternoon,['2'],['1'],['6'],['2']['1']['6'],1.968100806,1.974779939,1.971981067
afternoon,['1'],['1'],['2'],['1']['1']['2'],1.977636508,1.978464688,1.978117641
afternoon,['1'],['3'],['11'],['1']['3']['11'],1.980815075,1.977236438,1.978736056
afternoon,['2'],['2'],['10'],['2']['2']['10'],1.975252583,1.983050154,1.979782604
afternoon,['1'],['4'],['3'],['1']['4']['3'],1.985696447,1.979938588,1.982351402
afternoon,['1'],['1'],['10'],['1']['1']['10'],1.984220683,1.986653019,1.985633756
afternoon,['1'],['1'],['5'],['1']['1']['5'],1.988875014,1.992384852,1.990914064
afternoon,['1'],['1'],['6'],['1']['1']['6'],1.989102055,1.992794268,1.991247057
afternoon,['1'],['4'],['11'],['1']['4']['11'],1.995005108,1.992466735,1.993530433
afternoon,['1'],['3'],['3'],['1']['3']['3'],1.997048473,1.994595701,1.995623528
afternoon,['2'],['1'],['10'],['2']['1']['10'],1.996594392,1.997625384,1.99719335
afternoon,['2'],['4'],['11'],['2']['4']['11'],1.997161993,1.998198567,1.997764194
afternoon,['2'],['3'],['10'],['2']['3']['10'],1.997275514,1.998444217,1.997954475
alldays,['1'],['2'],['8'],['1']['2']['8'],0.820707743,0.814242953,0.801960619
alldays,['2'],['2'],['8'],['2']['2']['8'],0.890772327,0.872455143,0.862973247
alldays,['2'],['2'],['1'],['2']['2']['1'],0.901632896,0.880889018,0.873735452
alldays,['1'],['2'],['1'],['1']['2']['1'],0.885524886,0.909138349,0.889727113
alldays,['1'],['3'],['8'],['1']['3']['8'],0.956900587,0.933375742,0.929257247
alldays,['2'],['3'],['8'],['2']['3']['8'],0.97742928,0.972535621,0.963173579
alldays,['1'],['4'],['8'],['1']['4']['8'],1.084671503,1.06540936,1.064376605
alldays,['2'],['4'],['8'],['2']['4']['8'],1.09734023,1.065129357,1.065286681
alldays,['1'],['2'],['7'],['1']['2']['7'],1.093370926,1.056395774,1.065648891
alldays,['1'],['3'],['4'],['1']['3']['4'],1.140573597,1.116568961,1.120182572
alldays,['2'],['2'],['4'],['2']['2']['4'],1.178009984,1.144463883,1.155751139
alldays,['1'],['1'],['8'],['1']['1']['8'],1.16599129,1.175727099,1.162837679
alldays,['2'],['3'],['4'],['2']['3']['4'],1.181515337,1.160006978,1.164413343
alldays,['2'],['3'],['1'],['2']['3']['1'],1.151885116,1.185629582,1.165735074
alldays,['1'],['4'],['4'],['1']['4']['4'],1.19424568,1.16611988,1.172185464
alldays,['2'],['1'],['8'],['2']['1']['8'],1.181968417,1.180653081,1.173240649
alldays,['2'],['2'],['7'],['2']['2']['7'],1.226894688,1.181947862,1.19999933
alldays,['1'],['2'],['4'],['1']['2']['4'],1.215735765,1.201247546,1.202629875
alldays,['1'],['3'],['1'],['1']['3']['1'],1.227297634,1.192555509,1.203823691
alldays,['2'],['4'],['4'],['2']['4']['4'],1.247475483,1.211874527,1.219824503
alldays,['2'],['2'],['5'],['2']['2']['5'],1.270238652,1.244423622,1.246396951
alldays,['1'],['4'],['7'],['1']['4']['7'],1.310197002,1.26434148,1.280595821
alldays,['1'],['3'],['7'],['1']['3']['7'],1.334518546,1.247706276,1.284243026
alldays,['2'],['1'],['3'],['2']['1']['3'],1.305858895,1.290866156,1.288693476
alldays,['1'],['2'],['5'],['1']['2']['5'],1.33236736,1.328894282,1.324727712
alldays,['1'],['2'],['2'],['1']['2']['2'],1.392676531,1.346073968,1.364901135
alldays,['2'],['3'],['7'],['2']['3']['7'],1.393212877,1.361343746,1.375545003
alldays,['1'],['1'],['3'],['1']['1']['3'],1.386265884,1.380193534,1.382426276
alldays,['2'],['4'],['7'],['2']['4']['7'],1.422355125,1.357617859,1.384694447
alldays,['1'],['2'],['3'],['1']['2']['3'],1.396939029,1.435046607,1.417727213
alldays,['1'],['1'],['7'],['1']['1']['7'],1.451319571,1.430169782,1.431918794
alldays,['2'],['2'],['6'],['2']['2']['6'],1.471630206,1.46291224,1.462220544
alldays,['2'],['1'],['7'],['2']['1']['7'],1.517315939,1.458957817,1.483306044
alldays,['2'],['2'],['2'],['2']['2']['2'],1.553603357,1.467232829,1.5007576
alldays,['2'],['2'],['9'],['2']['2']['9'],1.529839724,1.531541595,1.527472769
alldays,['2'],['4'],['9'],['2']['4']['9'],1.519772006,1.537860039,1.52833222
alldays,['2'],['3'],['6'],['2']['3']['6'],1.538667606,1.537967446,1.536947259
alldays,['2'],['4'],['6'],['2']['4']['6'],1.550544147,1.555248036,1.55197263
alldays,['1'],['3'],['5'],['1']['3']['5'],1.567420617,1.590754525,1.580356663
alldays,['1'],['3'],['2'],['1']['3']['2'],1.592218099,1.573553323,1.581870565
alldays,['1'],['2'],['9'],['1']['2']['9'],1.618611573,1.591271282,1.596256672
alldays,['2'],['2'],['3'],['2']['2']['3'],1.636823193,1.565556736,1.597313901
alldays,['1'],['2'],['11'],['1']['2']['11'],1.623712127,1.597035005,1.608922642
alldays,['1'],['4'],['6'],['1']['4']['6'],1.621248316,1.602180292,1.610520514
alldays,['2'],['3'],['9'],['2']['3']['9'],1.628992742,1.605628421,1.616039835
alldays,['2'],['3'],['5'],['2']['3']['5'],1.634108636,1.627597537,1.630302993
alldays,['2'],['4'],['5'],['2']['4']['5'],1.650671269,1.640701664,1.643668421
alldays,['1'],['4'],['9'],['1']['4']['9'],1.645172959,1.655497135,1.649905747
alldays,['2'],['1'],['4'],['2']['1']['4'],1.689986254,1.651012335,1.665400629
alldays,['1'],['3'],['9'],['1']['3']['9'],1.693252168,1.643367449,1.665596662
alldays,['1'],['2'],['6'],['1']['2']['6'],1.726758787,1.670879656,1.692667628
alldays,['1'],['3'],['6'],['1']['3']['6'],1.702347117,1.704941184,1.695938187
alldays,['1'],['4'],['5'],['1']['4']['5'],1.727296216,1.697085798,1.702339119
alldays,['2'],['3'],['2'],['2']['3']['2'],1.743625784,1.67737755,1.706898537
alldays,['2'],['2'],['11'],['2']['2']['11'],1.802577591,1.743304313,1.769717178
alldays,['1'],['1'],['4'],['1']['1']['4'],1.789761981,1.769920914,1.778762325
alldays,['2'],['1'],['9'],['2']['1']['9'],1.833934496,1.789841829,1.809490036
alldays,['1'],['4'],['2'],['1']['4']['2'],1.85677522,1.812753373,1.832370022
alldays,['1'],['4'],['1'],['1']['4']['1'],1.91159296,1.854655413,1.880027449
alldays,['1'],['1'],['11'],['1']['1']['11'],1.895966183,1.874227421,1.883914467
alldays,['1'],['1'],['9'],['1']['1']['9'],1.888338828,1.881554463,1.884577655
alldays,['2'],['4'],['1'],['2']['4']['1'],1.936149323,1.89521167,1.913453966
alldays,['1'],['1'],['1'],['1']['1']['1'],1.927571132,1.905329966,1.915240889
alldays,['2'],['4'],['2'],['2']['4']['2'],1.936294015,1.928108593,1.931756113
alldays,['2'],['4'],['3'],['2']['4']['3'],1.938050994,1.930634013,1.933939106
alldays,['1'],['4'],['10'],['1']['4']['10'],1.955434749,1.925134578,1.938636688
alldays,['1'],['2'],['10'],['1']['2']['10'],1.962462664,1.931049379,1.945047505
alldays,['2'],['4'],['10'],['2']['4']['10'],1.951383362,1.941018143,1.945637006
alldays,['2'],['1'],['11'],['2']['1']['11'],1.958059882,1.946517578,1.951660964
alldays,['2'],['3'],['11'],['2']['3']['11'],1.959362113,1.945869609,1.951882026
alldays,['1'],['3'],['10'],['1']['3']['10'],1.960498982,1.96000864,1.960227142
alldays,['2'],['1'],['5'],['2']['1']['5'],1.954483913,1.96592344,1.960825853
alldays,['2'],['1'],['1'],['2']['1']['1'],1.955765474,1.966853858,1.961912745
alldays,['2'],['1'],['2'],['2']['1']['2'],1.968229689,1.96592344,1.966951131
alldays,['2'],['1'],['6'],['2']['1']['6'],1.973128559,1.98031169,1.977110803
alldays,['1'],['1'],['2'],['1']['1']['2'],1.97868888,1.976789393,1.977635827
alldays,['2'],['2'],['10'],['2']['2']['10'],1.977593352,1.984614873,1.981486002
alldays,['1'],['3'],['11'],['1']['3']['11'],1.982533563,1.984116435,1.983411089
alldays,['1'],['4'],['3'],['1']['4']['3'],1.985944169,1.983202632,1.984424293
alldays,['1'],['1'],['10'],['1']['1']['10'],1.9829263,1.985927427,1.98459009
alldays,['1'],['1'],['5'],['1']['1']['5'],1.991607842,1.99217452,1.991922002
alldays,['1'],['3'],['3'],['1']['3']['3'],1.993447503,1.991061341,1.992124643
alldays,['1'],['1'],['6'],['1']['1']['6'],1.991525161,1.992988636,1.992336494
alldays,['1'],['4'],['11'],['1']['4']['11'],1.994687723,1.992307437,1.99336812
alldays,['2'],['1'],['10'],['2']['1']['10'],1.997168164,1.998105935,1.997688053
alldays,['2'],['4'],['11'],['2']['4']['11'],1.997622911,1.998870207,1.998314397
alldays,['2'],['3'],['10'],['2']['3']['10'],1.997684922,1.999052967,1.99844335
afternoon,['2'],['2'],['1'],['2']['2']['1'],0.948951674,0.929585165,0.923567608
morning,['2'],['2'],['1'],['2']['2']['1'],0.849971989,0.870592039,0.833460322
afternoon,['2'],['2'],['8'],['2']['2']['8'],0.872679402,0.832043583,0.829247979
morning,['2'],['2'],['8'],['2']['2']['8'],1.001228464,1.00260741,0.975753798
morning,['1'],['2'],['7'],['1']['2']['7'],1.083625692,1.055711937,1.047141453
morning,['1'],['3'],['8'],['1']['3']['8'],1.076531875,1.056391567,1.048275731
morning,['2'],['3'],['8'],['2']['3']['8'],1.083136218,1.086247598,1.062562082
morning,['1'],['3'],['4'],['1']['3']['4'],1.116838764,1.096713095,1.092947403
morning,['1'],['3'],['1'],['1']['3']['1'],1.178719258,1.125958829,1.128517609
morning,['2'],['3'],['1'],['2']['3']['1'],1.143325821,1.166347329,1.146044653
morning,['2'],['2'],['4'],['2']['2']['4'],1.157228683,1.15821369,1.147095124
morning,['2'],['4'],['8'],['2']['4']['8'],1.169048255,1.179553151,1.154275455
morning,['1'],['4'],['8'],['1']['4']['8'],1.186971429,1.18257211,1.167376154
morning,['1'],['4'],['4'],['1']['4']['4'],1.192577269,1.203709915,1.176307696
morning,['2'],['3'],['4'],['2']['3']['4'],1.199902381,1.193538671,1.179377596
morning,['2'],['2'],['7'],['2']['2']['7'],1.227068398,1.190250362,1.192098559
morning,['1'],['2'],['4'],['1']['2']['4'],1.189097836,1.211030982,1.19241484
morning,['1'],['3'],['7'],['1']['3']['7'],1.318767213,1.224965457,1.254583818
morning,['1'],['4'],['7'],['1']['4']['7'],1.281047871,1.24678435,1.254617931
morning,['2'],['4'],['4'],['2']['4']['4'],1.286646154,1.266485293,1.257445878
morning,['1'],['1'],['8'],['1']['1']['8'],1.266612048,1.285515418,1.272137
morning,['2'],['1'],['3'],['2']['1']['3'],1.27492588,1.29020263,1.273775051
morning,['2'],['1'],['8'],['2']['1']['8'],1.290944327,1.306015819,1.291555564
morning,['2'],['2'],['5'],['2']['2']['5'],1.328906137,1.310165039,1.308020445
morning,['2'],['4'],['7'],['2']['4']['7'],1.390577778,1.286702913,1.322745845
morning,['1'],['2'],['5'],['1']['2']['5'],1.347407994,1.360097586,1.344261925
morning,['1'],['2'],['2'],['1']['2']['2'],1.382879762,1.343332345,1.349952456
morning,['2'],['3'],['7'],['2']['3']['7'],1.38576612,1.356780892,1.3605983
morning,['1'],['1'],['3'],['1']['1']['3'],1.39036422,1.398746991,1.385829839
morning,['1'],['1'],['7'],['1']['1']['7'],1.419294118,1.389373253,1.395737816
morning,['2'],['1'],['7'],['2']['1']['7'],1.46421164,1.392190207,1.42202769
morning,['1'],['2'],['3'],['1']['2']['3'],1.39951746,1.44266325,1.422529919
morning,['2'],['2'],['6'],['2']['2']['6'],1.451580952,1.463964935,1.453134747
morning,['2'],['2'],['2'],['2']['2']['2'],1.548190476,1.46189655,1.488390217
morning,['2'],['2'],['3'],['2']['2']['3'],1.562901695,1.467016927,1.503178668
morning,['2'],['4'],['9'],['2']['4']['9'],1.517371429,1.531446432,1.525315489
morning,['2'],['4'],['6'],['2']['4']['6'],1.517999386,1.535023306,1.5273725
morning,['1'],['3'],['2'],['1']['3']['2'],1.530303457,1.526560105,1.528110924
morning,['2'],['3'],['6'],['2']['3']['6'],1.534218315,1.564355713,1.551870206
morning,['1'],['2'],['9'],['1']['2']['9'],1.56334652,1.563958855,1.562471723
morning,['2'],['2'],['9'],['2']['2']['9'],1.562645593,1.569214293,1.565090023
morning,['1'],['4'],['6'],['1']['4']['6'],1.580862622,1.559951808,1.567061715
morning,['1'],['3'],['5'],['1']['3']['5'],1.571371429,1.627625686,1.603796878
morning,['2'],['3'],['9'],['2']['3']['9'],1.631150101,1.623112679,1.62500828
morning,['2'],['1'],['4'],['2']['1']['4'],1.649016977,1.609571965,1.625913488
morning,['1'],['3'],['9'],['1']['3']['9'],1.671396933,1.615918466,1.638902427
morning,['2'],['4'],['5'],['2']['4']['5'],1.648412479,1.644449978,1.639426002
morning,['2'],['3'],['5'],['2']['3']['5'],1.66054824,1.663851842,1.662483206
morning,['1'],['3'],['6'],['1']['3']['6'],1.660495238,1.675405759,1.66903145
morning,['1'],['2'],['11'],['1']['2']['11'],1.683961905,1.664465864,1.672511239
morning,['1'],['2'],['6'],['1']['2']['6'],1.713066667,1.655529209,1.679366182
morning,['1'],['4'],['9'],['1']['4']['9'],1.674221245,1.691800289,1.684517534
morning,['1'],['4'],['5'],['1']['4']['5'],1.687752381,1.700388015,1.694450933
morning,['2'],['3'],['2'],['2']['3']['2'],1.729219048,1.683921034,1.695971229
morning,['1'],['1'],['4'],['1']['1']['4'],1.744152381,1.711683552,1.725134939
morning,['2'],['1'],['9'],['2']['1']['9'],1.781180952,1.736688942,1.755121366
morning,['2'],['2'],['11'],['2']['2']['11'],1.829180952,1.785488252,1.802910262
morning,['1'],['4'],['1'],['1']['4']['1'],1.862247619,1.790579866,1.820270825
morning,['1'],['4'],['2'],['1']['4']['2'],1.852342857,1.80534598,1.824816136
morning,['1'],['1'],['9'],['1']['1']['9'],1.913904762,1.889739168,1.899750639
morning,['2'],['4'],['1'],['2']['4']['1'],1.921828571,1.889523604,1.902907105
morning,['1'],['1'],['1'],['1']['1']['1'],1.920609524,1.902996335,1.910293236
morning,['2'],['4'],['2'],['2']['4']['2'],1.911314286,1.910109937,1.910608882
morning,['1'],['1'],['11'],['1']['1']['11'],1.927619048,1.900517353,1.91174521
morning,['1'],['4'],['10'],['1']['4']['10'],1.937066667,1.9055831,1.918626306
morning,['2'],['4'],['3'],['2']['4']['3'],1.932190476,1.910002156,1.91919447
morning,['1'],['2'],['10'],['1']['2']['10'],1.942857143,1.911834447,1.924686721
morning,['2'],['4'],['10'],['2']['4']['10'],1.945904762,1.931558526,1.937501973
morning,['2'],['1'],['2'],['2']['1']['2'],1.94727619,1.949019185,1.948297087
morning,['2'],['1'],['1'],['2']['1']['1'],1.944533333,1.9673421,1.957892743
morning,['2'],['1'],['11'],['2']['1']['11'],1.96647619,1.951929295,1.957955873
morning,['2'],['1'],['5'],['2']['1']['5'],1.956266667,1.967881009,1.963069348
morning,['2'],['3'],['11'],['2']['3']['11'],1.967085714,1.96270748,1.964521322
morning,['1'],['3'],['10'],['1']['3']['10'],1.966933333,1.964970899,1.965783908
morning,['2'],['2'],['10'],['2']['2']['10'],1.968914286,1.979737012,1.975253306
morning,['2'],['1'],['6'],['2']['1']['6'],1.970133333,1.981892649,1.977020927
morning,['1'],['1'],['2'],['1']['1']['2'],1.981104762,1.980060358,1.98049304
morning,['1'],['3'],['11'],['1']['3']['11'],1.977142857,1.983724941,1.980998075
morning,['1'],['3'],['3'],['1']['3']['3'],1.983695238,1.981030394,1.982134402
morning,['1'],['1'],['10'],['1']['1']['10'],1.982780952,1.989868506,1.986932231
morning,['1'],['4'],['3'],['1']['4']['3'],1.989333333,1.98598836,1.987374136
morning,['1'],['1'],['5'],['1']['1']['5'],1.990247619,1.987605087,1.988699852
morning,['1'],['1'],['6'],['1']['1']['6'],1.991314286,1.993425307,1.99255074
morning,['1'],['4'],['11'],['1']['4']['11'],1.995428571,1.99299418,1.994002715
morning,['2'],['1'],['10'],['2']['1']['10'],1.998171429,1.99827549,1.998232379
morning,['2'],['4'],['11'],['2']['4']['11'],1.997561905,1.999568873,1.998737414
morning,['2'],['3'],['10'],['2']['3']['10'],1.997561905,1.999568873,1.998737414
weekdays,['1'],['2'],['8'],['1']['2']['8'],0.814565847,0.821764612,0.803906122
weekdays,['2'],['2'],['8'],['2']['2']['8'],0.889665589,0.878831345,0.862391624
weekdays,['2'],['2'],['1'],['2']['2']['1'],0.89953918,0.884395488,0.871035116
weekdays,['1'],['2'],['1'],['1']['2']['1'],0.882056203,0.913498936,0.889691615
weekdays,['1'],['3'],['8'],['1']['3']['8'],0.956107833,0.937253887,0.930582461
weekdays,['2'],['3'],['8'],['2']['3']['8'],0.977434998,0.979335528,0.966754176
weekdays,['1'],['4'],['8'],['1']['4']['8'],1.081502108,1.070574837,1.060154452
weekdays,['1'],['2'],['7'],['1']['2']['7'],1.086967093,1.055319161,1.060968922
weekdays,['2'],['4'],['8'],['2']['4']['8'],1.094684194,1.068997231,1.066686119
weekdays,['1'],['3'],['4'],['1']['3']['4'],1.137550998,1.112880284,1.114926234
weekdays,['2'],['2'],['4'],['2']['2']['4'],1.175225313,1.14336323,1.153108937
weekdays,['2'],['3'],['4'],['2']['3']['4'],1.176493776,1.161768888,1.158062904
weekdays,['1'],['1'],['8'],['1']['1']['8'],1.158618353,1.181484501,1.163616901
weekdays,['2'],['3'],['1'],['2']['3']['1'],1.147753265,1.189243202,1.166030037
weekdays,['1'],['4'],['4'],['1']['4']['4'],1.189313001,1.169606872,1.167218215
weekdays,['2'],['1'],['8'],['2']['1']['8'],1.176755373,1.183160055,1.173873716
weekdays,['2'],['2'],['7'],['2']['2']['7'],1.223090337,1.178569677,1.19509663
weekdays,['1'],['3'],['1'],['1']['3']['1'],1.224609753,1.187735742,1.198573437
weekdays,['1'],['2'],['4'],['1']['2']['4'],1.209963048,1.205043647,1.201410803
weekdays,['2'],['4'],['4'],['2']['4']['4'],1.245133217,1.21488847,1.217449896
weekdays,['2'],['2'],['5'],['2']['2']['5'],1.267290458,1.247529788,1.246840693
weekdays,['1'],['4'],['7'],['1']['4']['7'],1.304139549,1.260224961,1.275346847
weekdays,['1'],['3'],['7'],['1']['3']['7'],1.332485199,1.242508302,1.278045012
weekdays,['2'],['1'],['3'],['2']['1']['3'],1.30618068,1.294223377,1.288797475
weekdays,['1'],['2'],['5'],['1']['2']['5'],1.331756034,1.330927492,1.3216626
weekdays,['1'],['2'],['2'],['1']['2']['2'],1.390036013,1.340075982,1.359054019
weekdays,['2'],['3'],['7'],['2']['3']['7'],1.391978986,1.360826062,1.371911187
weekdays,['2'],['4'],['7'],['2']['4']['7'],1.422848197,1.352351047,1.381154928
weekdays,['1'],['1'],['3'],['1']['1']['3'],1.383011867,1.385524374,1.381889081
weekdays,['1'],['2'],['3'],['1']['2']['3'],1.39438734,1.437019538,1.418021571
weekdays,['1'],['1'],['7'],['1']['1']['7'],1.445152463,1.430299046,1.429302979
weekdays,['2'],['2'],['6'],['2']['2']['6'],1.466496744,1.460330307,1.457657094
weekdays,['2'],['1'],['7'],['2']['1']['7'],1.513097867,1.449764228,1.475193408
weekdays,['2'],['2'],['2'],['2']['2']['2'],1.554343265,1.459969919,1.493319547
weekdays,['2'],['2'],['9'],['2']['2']['9'],1.530990949,1.532233684,1.528295528
weekdays,['2'],['4'],['9'],['2']['4']['9'],1.520331949,1.540201234,1.530409672
weekdays,['2'],['3'],['6'],['2']['3']['6'],1.53488982,1.538100462,1.53520509
weekdays,['2'],['4'],['6'],['2']['4']['6'],1.548323614,1.556534284,1.551705539
weekdays,['1'],['3'],['2'],['1']['3']['2'],1.587267789,1.566886218,1.575659626
weekdays,['1'],['3'],['5'],['1']['3']['5'],1.56653772,1.594869028,1.582089637
weekdays,['2'],['2'],['3'],['2']['2']['3'],1.633660698,1.556613091,1.589778841
weekdays,['1'],['2'],['9'],['1']['2']['9'],1.614163543,1.588115998,1.591567528
weekdays,['1'],['4'],['6'],['1']['4']['6'],1.618629915,1.59676504,1.605884789
weekdays,['1'],['2'],['11'],['1']['2']['11'],1.626658866,1.595121646,1.608697091
weekdays,['2'],['3'],['9'],['2']['3']['9'],1.626019418,1.602523492,1.612637499
weekdays,['2'],['3'],['5'],['2']['3']['5'],1.635129561,1.629744984,1.63154519
weekdays,['2'],['4'],['5'],['2']['4']['5'],1.650165685,1.642777839,1.645428542
weekdays,['1'],['4'],['9'],['1']['4']['9'],1.647358444,1.656749908,1.651421833
weekdays,['2'],['1'],['4'],['2']['1']['4'],1.692245359,1.650274747,1.665833263
weekdays,['1'],['3'],['9'],['1']['3']['9'],1.697020562,1.642968574,1.666182892
weekdays,['1'],['2'],['6'],['1']['2']['6'],1.726250597,1.663938763,1.685791346
weekdays,['1'],['4'],['5'],['1']['4']['5'],1.719623193,1.693232425,1.695351713
weekdays,['1'],['3'],['6'],['1']['3']['6'],1.700927547,1.705976938,1.697119365
weekdays,['2'],['3'],['2'],['2']['3']['2'],1.739852692,1.674164478,1.69954467
weekdays,['2'],['2'],['11'],['2']['2']['11'],1.804274531,1.739096198,1.767152725
weekdays,['1'],['1'],['4'],['1']['1']['4'],1.788907057,1.767618881,1.776782544
weekdays,['2'],['1'],['9'],['2']['1']['9'],1.830234274,1.78172711,1.802607401
weekdays,['1'],['4'],['2'],['1']['4']['2'],1.855615205,1.807603132,1.828270308
weekdays,['1'],['4'],['1'],['1']['4']['1'],1.90877914,1.845968765,1.873005986
weekdays,['1'],['1'],['11'],['1']['1']['11'],1.89775276,1.870729253,1.882361735
weekdays,['1'],['1'],['9'],['1']['1']['9'],1.889331037,1.880922175,1.884541836
weekdays,['2'],['4'],['1'],['2']['4']['1'],1.933002445,1.888993394,1.907937437
weekdays,['1'],['1'],['1'],['1']['1']['1'],1.926606567,1.901614244,1.912372386
weekdays,['2'],['4'],['2'],['2']['4']['2'],1.935086171,1.926680957,1.930299048
weekdays,['2'],['4'],['3'],['2']['4']['3'],1.938240699,1.929524476,1.933276443
weekdays,['1'],['4'],['10'],['1']['4']['10'],1.952884657,1.919353428,1.93378721
weekdays,['1'],['2'],['10'],['1']['2']['10'],1.960322399,1.925281071,1.940364887
weekdays,['2'],['4'],['10'],['2']['4']['10'],1.951032457,1.940154862,1.944837209
weekdays,['2'],['1'],['11'],['2']['1']['11'],1.956531176,1.944332648,1.949583601
weekdays,['2'],['3'],['11'],['2']['3']['11'],1.958267614,1.944923225,1.950667422
weekdays,['1'],['3'],['10'],['1']['3']['10'],1.959685705,1.959884509,1.959798932
weekdays,['2'],['1'],['1'],['2']['1']['1'],1.952682073,1.966818321,1.960733261
weekdays,['2'],['1'],['5'],['2']['1']['5'],1.953666054,1.967168293,1.961356148
weekdays,['2'],['1'],['2'],['2']['1']['2'],1.965965821,1.964915351,1.965367534
weekdays,['2'],['1'],['6'],['2']['1']['6'],1.972130175,1.980882803,1.977115165
weekdays,['1'],['1'],['2'],['1']['1']['2'],1.978554994,1.976486285,1.977376778
weekdays,['2'],['2'],['10'],['2']['2']['10'],1.976181863,1.984076294,1.980678074
weekdays,['1'],['3'],['11'],['1']['3']['11'],1.982317276,1.982982633,1.982696225
weekdays,['1'],['4'],['3'],['1']['4']['3'],1.986687311,1.983201365,1.984701918
weekdays,['1'],['1'],['10'],['1']['1']['10'],1.983359139,1.986722954,1.985274973
weekdays,['1'],['1'],['5'],['1']['1']['5'],1.991173108,1.991797541,1.991528749
weekdays,['1'],['3'],['3'],['1']['3']['3'],1.99308319,1.991075725,1.991939854
weekdays,['1'],['1'],['6'],['1']['1']['6'],1.99123099,1.993241174,1.992375874
weekdays,['1'],['4'],['11'],['1']['4']['11'],1.994645984,1.992628724,1.993497069
weekdays,['2'],['1'],['10'],['2']['1']['10'],1.997163818,1.998118903,1.997707779
weekdays,['2'],['4'],['11'],['2']['4']['11'],1.99768475,1.998950085,1.998405412
weekdays,['2'],['3'],['10'],['2']['3']['10'],1.997771572,1.999059451,1.998505073
weekends,['1'],['2'],['8'],['1']['2']['8'],0.845986087,0.804918123,0.811994325
weekends,['2'],['2'],['8'],['2']['2']['8'],0.908381792,0.867270747,0.875767583
weekends,['2'],['2'],['1'],['2']['2']['1'],0.915132433,0.880952071,0.889950625
weekends,['1'],['2'],['1'],['1']['2']['1'],0.907584023,0.909180798,0.896146997
weekends,['1'],['3'],['8'],['1']['3']['8'],0.966128382,0.932638721,0.944007724
weekends,['2'],['3'],['8'],['2']['3']['8'],0.989224387,0.961132584,0.966208085
weekends,['2'],['4'],['8'],['2']['4']['8'],1.111556798,1.061308147,1.07904079
weekends,['1'],['4'],['8'],['1']['4']['8'],1.100299742,1.072983812,1.08088046
weekends,['1'],['2'],['7'],['1']['2']['7'],1.114367299,1.067750438,1.086913827
weekends,['1'],['3'],['4'],['1']['3']['4'],1.152816641,1.133110246,1.138326466
weekends,['2'],['2'],['4'],['2']['2']['4'],1.190001196,1.154879948,1.168076746
weekends,['2'],['3'],['1'],['2']['3']['1'],1.167454594,1.176415829,1.16859299
weekends,['1'],['1'],['8'],['1']['1']['8'],1.191400248,1.165728012,1.172803531
weekends,['2'],['1'],['8'],['2']['1']['8'],1.197640205,1.174460003,1.177700189
weekends,['2'],['3'],['4'],['2']['3']['4'],1.201835443,1.177880344,1.185173901
weekends,['1'],['4'],['4'],['1']['4']['4'],1.21079926,1.180210615,1.191031398
weekends,['1'],['2'],['4'],['1']['2']['4'],1.234095019,1.195891186,1.212246301
weekends,['2'],['2'],['7'],['2']['2']['7'],1.246963669,1.196306734,1.21758483
weekends,['1'],['3'],['1'],['1']['3']['1'],1.2359116,1.212300701,1.219036479
weekends,['2'],['4'],['4'],['2']['4']['4'],1.255545973,1.219398731,1.232335668
weekends,['2'],['2'],['5'],['2']['2']['5'],1.281348406,1.237145634,1.254020995
weekends,['2'],['1'],['3'],['2']['1']['3'],1.307862253,1.284572278,1.292604316
weekends,['1'],['4'],['7'],['1']['4']['7'],1.326517275,1.281799805,1.301769666
weekends,['1'],['3'],['7'],['1']['3']['7'],1.342349233,1.270432136,1.303786898
weekends,['1'],['2'],['5'],['1']['2']['5'],1.334269611,1.334025595,1.333566968
weekends,['1'],['2'],['2'],['1']['2']['2'],1.399485759,1.368227367,1.382651529
weekends,['1'],['1'],['3'],['1']['1']['3'],1.395466616,1.377569901,1.386000103
weekends,['2'],['3'],['7'],['2']['3']['7'],1.401432425,1.375876602,1.387237506
weekends,['2'],['4'],['7'],['2']['4']['7'],1.426856875,1.377939031,1.400985647
weekends,['1'],['2'],['3'],['1']['2']['3'],1.408339696,1.428813126,1.416892135
weekends,['1'],['1'],['7'],['1']['1']['7'],1.468035315,1.432773109,1.449382184
weekends,['2'],['2'],['6'],['2']['2']['6'],1.484460518,1.473386646,1.475452503
weekends,['2'],['1'],['7'],['2']['1']['7'],1.527858371,1.488004983,1.506321188
weekends,['2'],['2'],['2'],['2']['2']['2'],1.551754069,1.496923026,1.521975951
weekends,['2'],['4'],['9'],['2']['4']['9'],1.518372514,1.530463027,1.523247924
weekends,['2'],['2'],['9'],['2']['2']['9'],1.52696241,1.529354938,1.52687378
weekends,['2'],['3'],['6'],['2']['3']['6'],1.55469189,1.53754718,1.543423002
weekends,['2'],['4'],['6'],['2']['4']['6'],1.556094033,1.551184133,1.552730354
weekends,['1'],['3'],['5'],['1']['3']['5'],1.574390195,1.578173232,1.575440302
weekends,['1'],['3'],['2'],['1']['3']['2'],1.604590651,1.594618057,1.599490689
weekends,['1'],['2'],['11'],['1']['2']['11'],1.618951175,1.603080265,1.609562517
weekends,['1'],['2'],['9'],['1']['2']['9'],1.629728752,1.605114029,1.617140838
weekends,['2'],['2'],['3'],['2']['2']['3'],1.644727373,1.593814204,1.618690492
weekends,['1'],['4'],['6'],['1']['4']['6'],1.627792613,1.619734737,1.623671833
weekends,['2'],['3'],['9'],['2']['3']['9'],1.638625678,1.61543845,1.625692092
weekends,['2'],['3'],['5'],['2']['3']['5'],1.636041618,1.620812676,1.626778941
weekends,['2'],['4'],['5'],['2']['4']['5'],1.651934901,1.634141982,1.638675043
weekends,['1'],['4'],['9'],['1']['4']['9'],1.639710669,1.651538993,1.645604687
weekends,['1'],['3'],['9'],['1']['3']['9'],1.683833635,1.644920525,1.663933557
weekends,['2'],['1'],['4'],['2']['1']['4'],1.684339964,1.655839668,1.669764976
weekends,['1'],['3'],['6'],['1']['3']['6'],1.705895118,1.703040774,1.704435413
weekends,['1'],['2'],['6'],['1']['2']['6'],1.728028933,1.697028334,1.712175296
weekends,['2'],['3'],['2'],['2']['3']['2'],1.753056058,1.703593642,1.727761089
weekends,['1'],['4'],['5'],['1']['4']['5'],1.746473779,1.720870767,1.733380456
weekends,['2'],['2'],['11'],['2']['2']['11'],1.798336347,1.756599862,1.776992401
weekends,['1'],['1'],['4'],['1']['1']['4'],1.791898734,1.777194195,1.784378866
weekends,['2'],['1'],['9'],['2']['1']['9'],1.84318264,1.815480304,1.829015727
weekends,['1'],['4'],['2'],['1']['4']['2'],1.859674503,1.82902557,1.844000707
weekends,['1'],['1'],['9'],['1']['1']['9'],1.885858951,1.883552177,1.884679272
weekends,['1'],['1'],['11'],['1']['1']['11'],1.891500904,1.885279889,1.888319491
weekends,['1'],['4'],['1'],['1']['4']['1'],1.918625678,1.882100898,1.899946987
weekends,['1'],['1'],['1'],['1']['1']['1'],1.929981917,1.9170698,1.923378689
weekends,['2'],['4'],['1'],['2']['4']['1'],1.944014467,1.914858328,1.929104082
weekends,['2'],['4'],['3'],['2']['4']['3'],1.937576854,1.934139599,1.935819049
weekends,['2'],['4'],['2'],['2']['4']['2'],1.939312839,1.932619212,1.935889733
weekends,['2'],['4'],['10'],['2']['4']['10'],1.952260398,1.943745681,1.94790599
weekends,['1'],['4'],['10'],['1']['4']['10'],1.961808318,1.943400138,1.952394416
weekends,['2'],['3'],['11'],['2']['3']['11'],1.962097649,1.94885971,1.955327796
weekends,['2'],['1'],['11'],['2']['1']['11'],1.961880651,1.953420871,1.957554338
weekends,['1'],['2'],['10'],['1']['2']['10'],1.967811935,1.949274361,1.958331861
weekends,['2'],['1'],['5'],['2']['1']['5'],1.956528029,1.961990325,1.959321435
weekends,['1'],['3'],['10'],['1']['3']['10'],1.962531646,1.960400829,1.961441951
weekends,['2'],['1'],['1'],['2']['1']['1'],1.963471971,1.966966137,1.96525888
weekends,['2'],['1'],['2'],['2']['1']['2'],1.973887884,1.9691085,1.971443718
weekends,['2'],['1'],['6'],['2']['1']['6'],1.97562387,1.978507256,1.977098427
weekends,['1'],['1'],['2'],['1']['1']['2'],1.979023508,1.977747063,1.978370737
weekends,['1'],['1'],['10'],['1']['1']['10'],1.981844485,1.98341396,1.982647111
weekends,['1'],['4'],['3'],['1']['4']['3'],1.984086799,1.983206634,1.983636685
weekends,['2'],['2'],['10'],['2']['2']['10'],1.981121157,1.986316517,1.983778053
weekends,['1'],['3'],['11'],['1']['3']['11'],1.983074141,1.987698687,1.985439124
weekends,['1'],['1'],['6'],['1']['1']['6'],1.992260398,1.992190739,1.992224775
weekends,['1'],['3'],['3'],['1']['3']['3'],1.994358047,1.991015895,1.992648878
weekends,['1'],['4'],['11'],['1']['4']['11'],1.994792043,1.991292329,1.993002297
weekends,['1'],['1'],['5'],['1']['1']['5'],1.992694394,1.993365584,1.993037639
weekends,['2'],['1'],['10'],['2']['1']['10'],1.997179024,1.998064962,1.99763209
weekends,['2'],['4'],['11'],['2']['4']['11'],1.997468354,1.99861783,1.998056194
weekends,['2'],['3'],['10'],['2']['3']['10'],1.997468354,1.999032481,1.998268245
,,,,,,,
